nombre actor,id_pelicula
Saif Ali Khan,tt0205380
Atul Agnihotri,tt0205380
Pooja Bhatt,tt0205380
Sheeba Agarwal,tt0205380
Vikas Anand,tt0205380
Tabassum Govil,tt0205380
Dinesh Hingoo,tt0205380
Saeed Jaffrey,tt0205380
Shashi Kiran,tt0205380
Alok Nath,tt0205380
Marko Zaror,tt0312958
Hugo Stiglitz,tt0312958
Susana González,tt0312958
Fidel Abrego,tt0312958
Emmanuel Brandon,tt0312958
Carlos Caballero,tt0312958
Francisco Calvo,tt0312958
Vicky de la Serna,tt0312958
Candela Fernandez,tt0312958
Carlos Garcia,tt0312958
Michael Jai White,tt0346631
Julian Sands,tt0346631
Eamonn Walker,tt0346631
Dante Basco,tt0346631
Nona Gaye,tt0346631
Michelle Belegrin,tt0346631
Bob Sapp,tt0346631
Dick Anthony Williams,tt0346631
Francis Capra,tt0346631
Ron Yuan,tt0346631
Kate Beckinsale,tt0365929
Gabriel Macht,tt0365929
Tom Skerritt,tt0365929
Columbus Short,tt0365929
Alex O'Loughlin,tt0365929
Shawn Doyle,tt0365929
Joel Keller,tt0365929
Jesse Todd,tt0365929
Arthur Holden,tt0365929
Erin Hicock,tt0365929
Bradley Dorsey,tt0373340
Chris Ebling,tt0373340
Misty Lockheart,tt0373340
Lora E. Keady,tt0373340
Jon Brown,tt0373340
Benny Costanza,tt0373340
David Norris,tt0373340
Hunter Culp,tt0373340
Brandon Stewart,tt0373340
John Dockens,tt0373340
Freddie Highmore,tt0375568
Nicolas Cage,tt0375568
Kristen Bell,tt0375568
Charlize Theron,tt0375568
Ryan Stiles,tt0375568
Eugene Levy,tt0375568
Donald Sutherland,tt0375568
Bill Nighy,tt0375568
David Alan Grier,tt0375568
Alan Tudyk,tt0375568
Jackie Earle Haley,tt0409459
Patrick Wilson,tt0409459
Carla Gugino,tt0409459
Malin Akerman,tt0409459
Billy Crudup,tt0409459
Matthew Goode,tt0409459
Jeffrey Dean Morgan,tt0409459
Matt Frewer,tt0409459
Stephen McHattie,tt0409459
Laura Mennell,tt0409459
Daniel Radcliffe,tt0417741
Emma Watson,tt0417741
Rupert Grint,tt0417741
Michael Gambon,tt0417741
Dave Legeno,tt0417741
Elarica Johnson,tt0417741
Jim Broadbent,tt0417741
Geraldine Somerville,tt0417741
Bonnie Wright,tt0417741
Julie Walters,tt0417741
Alexander Wraith,tt0421237
Gail Kim,tt0421237
Lalaine,tt0421237
Pat Morita,tt0421237
Eric Roberts,tt0421237
Jeannie Crist,tt0421237
Nicole Brown,tt0421237
Darren Kendrick,tt0421237
Jimmy Yun,tt0421237
Bobby Routh,tt0421237
Jon Foo,tt0411951
Kelly Overton,tt0411951
Cary-Hiroyuki Tagawa,tt0411951
Ian Anthony Dale,tt0411951
Cung Le,tt0411951
Darrin Dewitt Henson,tt0411951
Luke Goss,tt0411951
Mircea Monroe,tt0411951
Tamlyn Tomita,tt0411951
Candice Hillebrand,tt0411951
Donald Faison,tt0423474
Eddie Kaye Thomas,tt0423474
Eddie Guerra,tt0423474
Abraham Benrubi,tt0423474
Jaime Pressly,tt0423474
Molly Sims,tt0423474
Roselyn Sanchez,tt0423474
Florence Henderson,tt0423474
Jon Polito,tt0423474
Paul Ben-Victor,tt0423474
Liam Neeson,tt0429493
Bradley Cooper,tt0429493
Sharlto Copley,tt0429493
Jessica Biel,tt0429493
Quinton 'Rampage' Jackson,tt0429493
Patrick Wilson,tt0429493
Gerald McRaney,tt0429493
Henry Czerny,tt0429493
Yul Vazquez,tt0429493
Brian Bloom,tt0429493
Thiago Lacerda,tt0439801
Ângela Vieira,tt0439801
Milton Gonçalves,tt0439801
Marcio Rosario,tt0439801
Gracindo Júnior,tt0439801
Ailton Graça,tt0439801
Sheila Mello,tt0439801
Viviane Victorette,tt0439801
Gilberto Torres,tt0439801
Sônia Lima,tt0439801
Michael Cera,tt0446029
Mary Elizabeth Winstead,tt0446029
Kieran Culkin,tt0446029
Anna Kendrick,tt0446029
Alison Pill,tt0446029
Aubrey Plaza,tt0446029
Jason Schwartzman,tt0446029
Johnny Simmons,tt0446029
Mark Webber,tt0446029
Ellen Wong,tt0446029
Jeff Osterhage,tt0465637
Mark Gantt,tt0465637
Branscombe Richmond,tt0465637
Ed Lauter,tt0465637
Frank Stallone,tt0465637
James Lew,tt0465637
Corbin Timbrook,tt0465637
John Brotherton,tt0465637
Johnny Nisbet,tt0465637
Monique Yates Jr.,tt0465637
Anthony Moscato,tt0464032
Alex Safi,tt0464032
Jason Waugh,tt0464032
James Hyde,tt0464032
Richard Goteri,tt0464032
Sarah Sid,tt0464032
Buzz Jones,tt0464032
Michael Mili,tt0464032
Virginia Bryant,tt0464032
Anastasia Maria Mili,tt0464032
Manoj Bajpayee,tt0464162
Shriya Saran,tt0464162
Pawan Kalyan,tt0464162
Saranya Ponvannan,tt0464162
Nassar,tt0464162
Girish Karnad,tt0464162
Mohammad Ali,tt0464162
Cochin Hanifa,tt0464162
Kovai Sarala,tt0464162
Nikesha Patel,tt0464162
Vincent Pastore,tt0372538
Ben Curtis,tt0372538
Lora Kojovic,tt0372538
Kory Bassett,tt0372538
Tonja Walker,tt0372538
Vinny Vella,tt0372538
Gerald Bunsen,tt0372538
Mike Bash,tt0372538
Sam Bilinkas,tt0372538
Jim Bonney,tt0372538
Daniel Craig,tt0409847
Harrison Ford,tt0409847
Olivia Wilde,tt0409847
Abigail Spencer,tt0409847
Buck Taylor,tt0409847
Matthew Taylor,tt0409847
Cooper Taylor,tt0409847
Clancy Brown,tt0409847
Paul Dano,tt0409847
Chris Browning,tt0409847
Hugh Jackman,tt0433035
Evangeline Lilly,tt0433035
Dakota Goyo,tt0433035
Anthony Mackie,tt0433035
Kevin Durand,tt0433035
Hope Davis,tt0433035
James Rebhorn,tt0433035
Karl Yune,tt0433035
Olga Fonda,tt0433035
John Gatins,tt0433035
Chris Evans,tt0458339
Hugo Weaving,tt0458339
Samuel L. Jackson,tt0458339
Hayley Atwell,tt0458339
Sebastian Stan,tt0458339
Tommy Lee Jones,tt0458339
Dominic Cooper,tt0458339
Richard Armitage,tt0458339
Stanley Tucci,tt0458339
Toby Jones,tt0458339
Alison MacInnis,tt0469158
Frank Alvarez,tt0469158
Dennis Baesa,tt0469158
Derek Barbosa,tt0469158
Christina Buenaventura,tt0469158
Armando Cantina,tt0469158
Mr. Capone-E,tt0469158
Rod Chaouqi,tt0469158
Shannon Marie Codner,tt0469158
Elika Crespo,tt0469158
Jason Statham,tt0472399
Ben Foster,tt0472399
Donald Sutherland,tt0472399
Tony Goldwyn,tt0472399
Jeff Chase,tt0472399
Mini Anden,tt0472399
James Logan,tt0472399
Eddie J. Fernandez,tt0472399
Joshua Bridgewater,tt0472399
John McConnell,tt0472399
Eddie Murphy,tt0471042
Ben Stiller,tt0471042
Casey Affleck,tt0471042
Alan Alda,tt0471042
Matthew Broderick,tt0471042
Stephen McKinley Henderson,tt0471042
Judd Hirsch,tt0471042
Téa Leoni,tt0471042
Michael Peña,tt0471042
Gabourey Sidibe,tt0471042
Nicolas Cage,tt0479997
Ron Perlman,tt0479997
Claire Foy,tt0479997
Stephen Campbell Moore,tt0479997
Stephen Graham,tt0479997
Ulrich Thomsen,tt0479997
Robert Sheehan,tt0479997
Christopher Lee,tt0479997
Kevin Rees,tt0479997
Andrew Hefler,tt0479997
Hilary Duff,tt0249516
Haylie Duff,tt0249516
Charlie Sheen,tt0249516
Eva Longoria,tt0249516
Wayne Brady,tt0249516
Christopher Lloyd,tt0249516
Chris Kattan,tt0249516
Larry Miller,tt0249516
Edward Asner,tt0249516
Jerry Stiller,tt0249516
Taylor Kitsch,tt0401729
Lynn Collins,tt0401729
Willem Dafoe,tt0401729
Samantha Morton,tt0401729
Thomas Haden Church,tt0401729
Mark Strong,tt0401729
Ciarán Hinds,tt0401729
Dominic West,tt0401729
James Purefoy,tt0401729
Bryan Cranston,tt0401729
Jay Rowlands,tt0475239
Alan Luxmore,tt0475239
Amy Colton,tt0475239
Fred Butler,tt0475239
Jeff Polage,tt0475239
Shayna Bell,tt0475239
Megan Boye,tt0475239
Jason Seitz,tt0475239
Del Marshall,tt0475239
LeeRoy Cannady,tt0475239
Cuba Gooding Jr.,tt0485985
Gerald McRaney,tt0485985
David Oyelowo,tt0485985
Andre Royo,tt0485985
Terrence Howard,tt0485985
Nate Parker,tt0485985
Tristan Mack Wilds,tt0485985
Ne-Yo,tt0485985
Elijah Kelley,tt0485985
Marcus T. Paulk,tt0485985
Tom Cruise,tt0790724
Rosamund Pike,tt0790724
Richard Jenkins,tt0790724
Werner Herzog,tt0790724
David Oyelowo,tt0790724
Jai Courtney,tt0790724
Vladimir Sizov,tt0790724
Joseph Sikora,tt0790724
Michael Raymond-James,tt0790724
Alexia Fast,tt0790724
Wesley Snipes,tt0829176
Kevin Howarth,tt0829176
Riley Smith,tt0829176
Tanit Phoenix,tt0829176
Simona Roman,tt0829176
Steven Elder,tt0829176
Patrick Bergin,tt0829176
Jay Grant,tt0829176
Hector Hugo,tt0829176
David De Beer,tt0829176
Robert Downey Jr.,tt0848228
Chris Evans,tt0848228
Scarlett Johansson,tt0848228
Jeremy Renner,tt0848228
Mark Ruffalo,tt0848228
Chris Hemsworth,tt0848228
Tom Hiddleston,tt0848228
Clark Gregg,tt0848228
Cobie Smulders,tt0848228
Stellan Skarsgård,tt0848228
Ray Winstone,tt0857190
Plan B,tt0857190
Hayley Atwell,tt0857190
Steven Mackintosh,tt0857190
Paul Anderson,tt0857190
Alan Ford,tt0857190
Damian Lewis,tt0857190
Caroline Chikezie,tt0857190
Allen Leech,tt0857190
Ronnie Fox,tt0857190
Megumi Ogata,tt0860907
Megumi Hayashibara,tt0860907
Yûko Miyamura,tt0860907
Maaya Sakamoto,tt0860907
Kotono Mitsuishi,tt0860907
Akira Ishida,tt0860907
Yuriko Yamaguchi,tt0860907
Fumihiko Tachiki,tt0860907
Motomu Kiyokawa,tt0860907
Takehito Koyasu,tt0860907
Andrew Garfield,tt0948470
Emma Stone,tt0948470
Rhys Ifans,tt0948470
Irrfan Khan,tt0948470
Denis Leary,tt0948470
Martin Sheen,tt0948470
Sally Field,tt0948470
Campbell Scott,tt0948470
Embeth Davidtz,tt0948470
Chris Zylka,tt0948470
Steve Coogan,tt0469021
Colm Meaney,tt0469021
Tim Key,tt0469021
Karl Theobald,tt0469021
Nigel Lindsay,tt0469021
Felicity Montagu,tt0469021
Dustin Demri-Burns,tt0469021
Molly Seymour,tt0469021
Adam Langstaff,tt0469021
Aaron Heffernan,tt0469021
D.J. Foster,tt0479700
Leo Taylor,tt0479700
Claudia Buttazzoni,tt0479700
Jim Daly,tt0479700
Dorothy Yu,tt0479700
Vince Gill,tt0479700
Christabelle Sved,tt0479700
David Robinson,tt0479700
David Barry,tt0479700
Laurent Boulanger,tt0479700
John Rhys-Davies,tt0496375
David Charvet,tt0496375
Carmen Chaplin,tt0496375
Emily Holmes,tt0496375
Nick Moran,tt0496375
Joss Ackland,tt0496375
Michael Higgs,tt0496375
Gulshan Grover,tt0496375
Mohamed Akhzam,tt0496375
Edy Arellano,tt0496375
Henry Cavill,tt0770828
Amy Adams,tt0770828
Michael Shannon,tt0770828
Diane Lane,tt0770828
Russell Crowe,tt0770828
Antje Traue,tt0770828
Harry Lennix,tt0770828
Richard Schiff,tt0770828
Christopher Meloni,tt0770828
Kevin Costner,tt0770828
Ryan Reynolds,tt0790736
Jeff Bridges,tt0790736
Mary-Louise Parker,tt0790736
Kevin Bacon,tt0790736
Stephanie Szostak,tt0790736
James Hong,tt0790736
Marisa Miller,tt0790736
Robert Knepper,tt0790736
Mike O'Malley,tt0790736
Devin Ratray,tt0790736
Brad Pitt,tt0816711
Mireille Enos,tt0816711
Daniella Kertesz,tt0816711
James Badge Dale,tt0816711
Ludi Boeken,tt0816711
Matthew Fox,tt0816711
Fana Mokoena,tt0816711
David Morse,tt0816711
Elyes Gabel,tt0816711
Peter Capaldi,tt0816711
Christopher Walken,tt0817545
Juvenile,tt0817545
Christian Slater,tt0817545
Q'orianka Kilcher,tt0817545
Anthony Anderson,tt0817545
Fisher Ashworth,tt0817545
Devon Gearhart,tt0817545
Tione Johnson,tt0817545
Xihuaru Kilcher,tt0817545
Larry King,tt0817545
Amanda Seyfried,tt0848537
Josh Hutcherson,tt0848537
Beyoncé,tt0848537
Colin Farrell,tt0848537
Blake Anderson,tt0848537
Aziz Ansari,tt0848537
Allison Bills,tt0848537
Jim Conroy,tt0848537
Todd Cummings,tt0848537
John DiMaggio,tt0848537
Dwayne Johnson,tt0882977
Susan Sarandon,tt0882977
Jon Bernthal,tt0882977
Rafi Gavron,tt0882977
Barry Pepper,tt0882977
Michael Kenneth Williams,tt0882977
Melina Kanakaredes,tt0882977
Nadine Velazquez,tt0882977
Benjamin Bratt,tt0882977
Lela Loren,tt0882977
Sean Bean,tt0338258
Charles Dance,tt0338258
Rupert Grint,tt0338258
James D'Arcy,tt0338258
Jason Flemyng,tt0338258
Sam Spruell,tt0338258
Neil Maskell,tt0338258
Dave Legeno,tt0338258
Liam Neeson,tt0365907
Dan Stevens,tt0365907
David Harbour,tt0365907
Boyd Holbrook,tt0365907
Maurice Compte,tt0365907
Patrick McDade,tt0365907
Luciano Acuna Jr.,tt0365907
Hans Marrero,tt0365907
Laura Birn,tt0365907
Adam David Thompson,tt0365907
Sonakshi Sinha,tt0403935
Ajay Devgn,tt0403935
Prabhas,tt0403935
Shahid Kapoor,tt0403935
Yami Gautam,tt0403935
Natasa Stankovic,tt0403935
Prabhu Deva,tt0403935
Rajesh Khattar,tt0403935
Byron Gibson,tt0403935
Manasvi Mamgai,tt0403935
Denzel Washington,tt0455944
Marton Csokas,tt0455944
Chloë Grace Moretz,tt0455944
David Harbour,tt0455944
Haley Bennett,tt0455944
Bill Pullman,tt0455944
Melissa Leo,tt0455944
David Meunier,tt0455944
Johnny Skourtis,tt0455944
Alex Veadov,tt0455944
Mickey Rourke,tt0458481
Jessica Alba,tt0458481
Josh Brolin,tt0458481
Joseph Gordon-Levitt,tt0458481
Rosario Dawson,tt0458481
Bruce Willis,tt0458481
Eva Green,tt0458481
Powers Boothe,tt0458481
Dennis Haysbert,tt0458481
Ray Liotta,tt0458481
Dilip Tadeshwar,tt0485535
Rakhi Sawant,tt0485535
Donny Kapoor,tt0485535
Rakesh Bedi,tt0485535
Javed Khan Amrohi,tt0485535
Vishwajeet Pradhan,tt0485535
Raza Murad,tt0485535
Geeta Nishad,tt0485535
Shubhangi,tt0485535
Ramesh Goyal,tt0485535
Blanche Baker,tt0772175
Bo Svenson,tt0772175
Christopher Mann,tt0772175
Sal Mazzotta,tt0772175
Maria Soccor,tt0772175
Johnny Williams,tt0772175
Jerry Lyden,tt0772175
Steve Giambattista,tt0772175
T.J. Glenn,tt0772175
Brian Anthony Wilson,tt0772175
Luke Evans,tt0829150
Dominic Cooper,tt0829150
Sarah Gadon,tt0829150
Art Parkinson,tt0829150
Charles Dance,tt0829150
Diarmaid Murtagh,tt0829150
Paul Kaye,tt0829150
William Houston,tt0829150
Noah Huntley,tt0829150
Ronan Vibert,tt0829150
Aaron Taylor-Johnson,tt0831387
Elizabeth Olsen,tt0831387
Bryan Cranston,tt0831387
Ken Watanabe,tt0831387
CJ Adams,tt0831387
Carson Bolde,tt0831387
Sally Hawkins,tt0831387
Juliette Binoche,tt0831387
David Strathairn,tt0831387
Richard T. Jones,tt0831387
Megalyn Echikunwoke,tt0835775
Chloë Sevigny,tt0835775
Patricia Arquette,tt0835775
Oz Perkins,tt0835775
Isabel Lucas,tt0835775
Constance Wu,tt0835775
Vinessa Shaw,tt0835775
Christopher Lambert,tt0835775
Kate Micucci,tt0835775
Jim Sturgess,tt0835775
Chris Pratt,tt0369610
Bryce Dallas Howard,tt0369610
Ty Simpkins,tt0369610
Judy Greer,tt0369610
Irrfan Khan,tt0369610
Vincent D'Onofrio,tt0369610
Nick Robinson,tt0369610
Jake Johnson,tt0369610
Omar Sy,tt0369610
BD Wong,tt0369610
Paul Rudd,tt0478970
Michael Douglas,tt0478970
Corey Stoll,tt0478970
Evangeline Lilly,tt0478970
Bobby Cannavale,tt0478970
Anthony Mackie,tt0478970
Judy Greer,tt0478970
Abby Ryder Fortson,tt0478970
Michael Peña,tt0478970
David Dastmalchian,tt0478970
Scott Thomas,tt10004934
Matt Torpey,tt10004934
Mary Willems,tt10004934
Amitabh Bachchan,tt0315642
Farhan Akhtar,tt0315642
Aditi Rao Hydari,tt0315642
John Abraham,tt0315642
Manav Kaul,tt0315642
Neil Nitin Mukesh,tt0315642
Anjumm Shharma,tt0315642
Prakash Belawadi,tt0315642
Murli Sharma,tt0315642
Nasir Khan,tt0315642
Sonia Albizuri,tt0364201
Dev Anand,tt0364201
Bob Christo,tt0364201
Roopa Ganguly,tt0364201
Jaaved Jaaferi,tt0364201
Anup Jalota,tt0364201
Kader Khan,tt0364201
Kiran Kumar,tt0364201
Hema Malini,tt0364201
Aashif Sheikh,tt0364201
John Cusack,tt0775440
Samuel L. Jackson,tt0775440
Isabelle Fuhrman,tt0775440
Clark Sarullo,tt0775440
Ethan Andrew Casto,tt0775440
Owen Teague,tt0775440
Stacy Keach,tt0775440
Joshua Mikel,tt0775440
Anthony Reynolds,tt0775440
Erin Elizabeth Burns,tt0775440
Travis Fimmel,tt0803096
Paula Patton,tt0803096
Ben Foster,tt0803096
Dominic Cooper,tt0803096
Toby Kebbell,tt0803096
Ben Schnetzer,tt0803096
Robert Kazinsky,tt0803096
Clancy Brown,tt0803096
Daniel Wu,tt0803096
Ruth Negga,tt0803096
Allie Marie Evans,tt0825283
Patrick Johnson,tt0825283
Lyliana Wray,tt0825283
Luke Gregory Crosby,tt0825283
Gavin Lewis,tt0825283
Tetona Jackson,tt0825283
Zayne Emory,tt0825283
Carrie Alexander,tt0825283
Lillie Jacobs,tt0825283
Zander Faden,tt0825283
Alexander Skarsgård,tt0918940
Rory J Saper,tt0918940
Christian Stevens,tt0918940
Christoph Waltz,tt0918940
Samuel L. Jackson,tt0918940
Margot Robbie,tt0918940
Sidney Ralitsoele,tt0918940
Osy Ikhile,tt0918940
Mens-Sana Tamakloe,tt0918940
Antony Acheampong,tt0918940
Gal Gadot,tt0451279
Chris Pine,tt0451279
Robin Wright,tt0451279
Lucy Davis,tt0451279
Connie Nielsen,tt0451279
Danny Huston,tt0451279
David Thewlis,tt0451279
Saïd Taghmaoui,tt0451279
Ewen Bremner,tt0451279
Eugene Brave Rock,tt0451279
Michael Peña,tt0493405
Dax Shepard,tt0493405
Vincent D'Onofrio,tt0493405
Rosa Salazar,tt0493405
Jessica McNamee,tt0493405
Adam Brody,tt0493405
Isiah Whitlock Jr.,tt0493405
Richard T. Jones,tt0493405
Ryan Hansen,tt0493405
Jane Kaczmarek,tt0493405
Ben Affleck,tt0974015
Gal Gadot,tt0974015
Jason Momoa,tt0974015
Ezra Miller,tt0974015
Henry Cavill,tt0974015
Amy Adams,tt0974015
Ray Fisher,tt0974015
Jeremy Irons,tt0974015
Diane Lane,tt0974015
Connie Nielsen,tt0974015
Mateo d'Amato,tt10010820
Al Patrick Jo,tt10010820
William Perry,tt10010820
Teddy Valdes,tt10010820
Olivia Washington,tt10010820
Kingsley Yeboah,tt10010820
Melissa Lopez,tt10015186
Yash Kadam,tt10028030
Sanjay Khapre,tt10028030
Upendra Limaye,tt10028030
Savita Malpekar,tt10028030
Triyug Mantri,tt10028030
Priyanka Nagare,tt10028030
Vijay Nikam,tt10028030
Neha Pendse,tt10028030
Sayaji Shinde,tt10028030
Sunil Tawade,tt10028030
Varun Bhansali,tt10042774
Brandon Denton,tt10042774
Sam James,tt10042774
Paige Louise-Evans,tt10042774
Nathan McInnes,tt10042774
Morgan Price,tt10042774
Michael Rowland,tt10042774
Zak Turner,tt10042774
Sebastian Williams,tt10042774
Richard Bradford,tt0276568
Ron Randell,tt0276568
Anton Rodgers,tt0276568
Norman Rossington,tt0276568
Yôko Tani,tt0276568
Miriam Macip,tt10003376
Nathan Streifel,tt10003376
Lupu Pick,tt0011801
Edith Posca,tt0011801
Johannes Riemann,tt0011801
Fritz Schulz,tt0011801
Albert Patry,tt0011801
Eduard Rothauser,tt0011801
Bernhard Goetzke,tt0011801
Rudolf Klein-Rhoden,tt0011801
Paul Biensfeldt,tt0011801
Emilie Kurz,tt0011801
Rosa Salazar,tt0437086
Christoph Waltz,tt0437086
Jennifer Connelly,tt0437086
Mahershala Ali,tt0437086
Ed Skrein,tt0437086
Jackie Earle Haley,tt0437086
Keean Johnson,tt0437086
Jorge Lendeborg Jr.,tt0437086
Lana Condor,tt0437086
Idara Victor,tt0437086
Travis Fimmel,tt0441881
Toby Blome,tt0441881
Alexander England,tt0441881
Aaron Glenane,tt0441881
Uli Latukefu,tt0441881
Rihari Te Are,tt0441881
Luke Bracey,tt0441881
Sean McCarthy,tt0441881
Mojean Aria,tt0441881
Ryan Hance,tt0441881
Zachary Levi,tt0448115
Mark Strong,tt0448115
Asher Angel,tt0448115
Jack Dylan Grazer,tt0448115
Adam Brody,tt0448115
Djimon Hounsou,tt0448115
Faithe Herman,tt0448115
Meagan Good,tt0448115
Grace Caroline Currey,tt0448115
Michelle Borth,tt0448115
Xavier Hale,tt10004182
Errol Parker II,tt10004182
Cary-Hiroyuki Tagawa,tt0849437
Quinton 'Rampage' Jackson,tt0849437
Hector Echavarria,tt0849437
Isaac C. Singleton Jr.,tt0849437
Eric Laciste,tt0849437
Garret Sato,tt0849437
Kylee Lehe,tt0849437
Rigan Machado,tt0849437
Sam Sarpong,tt0849437
Nicole Sherwin,tt0849437
Sean Gray,tt0926132
Chris Blasman,tt0926132
Renee Dorian,tt0926132
Michael Buffo,tt0926132
Amanda Wing,tt0926132
Matt Lasky,tt0926132
Mike Saad,tt0926132
Buddy Daniels Friedman,tt0926132
Holt Boggs,tt0926132
Matthew Prater,tt0926132
Michael Peña,tt0983946
Maggie Q,tt0983946
Lucy Hale,tt0983946
Austin Stowell,tt0983946
Jimmy O. Yang,tt0983946
Portia Doubleday,tt0983946
Ryan Hansen,tt0983946
Michael Rooker,tt0983946
Parisa Fitz-Henley,tt0983946
Mike Vogel,tt0983946
Elena Emelyanova,tt10011184
Alexey Ivankov,tt10011184
Nikolay Mulakov,tt10011184
Lucie Debay,tt10011228
Arieh Worthalter,tt10011228
Ciaran O'Brien,tt10011228
Ryan Brodie,tt10011228
Simone Milsdochter,tt10011228
Mikael Sladden,tt10011228
Bruce Ellison,tt10011228
Gilles Vandeweerd,tt10011228
Leila Putcuips,tt10011228
Clélia Zanini,tt10011228
Lewis Tan,tt0293429
Jessica McNamee,tt0293429
Josh Lawson,tt0293429
Joe Taslim,tt0293429
Mehcad Brooks,tt0293429
Matilda Kimber,tt0293429
Laura Brent,tt0293429
Tadanobu Asano,tt0293429
Hiroyuki Sanada,tt0293429
Chin Han,tt0293429
Michael B. Jordan,tt0499097
Jodie Turner-Smith,tt0499097
Jamie Bell,tt0499097
Guy Pearce,tt0499097
Lauren London,tt0499097
Jacob Scipio,tt0499097
Todd Lasance,tt0499097
Jack Kesy,tt0499097
Lucy Russell,tt0499097
Cam Gigandet,tt0499097
Gael García Bernal,tt0818543
Kiersey Clemons,tt0818543
Dwayne Johnson,tt0870154
Emily Blunt,tt0870154
Edgar Ramírez,tt0870154
Jack Whitehall,tt0870154
Jesse Plemons,tt0870154
Paul Giamatti,tt0870154
Veronica Falcón,tt0870154
Dani Rovira,tt0870154
Quim Gutiérrez,tt0870154
Dan Dargan Carter,tt0870154
Dave Bautista,tt0993840
Ella Purnell,tt0993840
Ana de la Reguera,tt0993840
Omari Hardwick,tt0993840
Theo Rossi,tt0993840
Matthias Schweighöfer,tt0993840
Nora Arnezeder,tt0993840
Hiroyuki Sanada,tt0993840
Garret Dillahunt,tt0993840
Tig Notaro,tt0993840
Davy Williams,tt10005622
Sean Eden Yi,tt10005622
Jeff McDonald,tt10005622
Daniela Brown,tt10005622
June Lee,tt10005622
Rezzan Denizmen,tt10005622
Jeanine Harrington,tt10005622
Crystal J. Huang,tt10005622
Jerimiyah Dunbar,tt10005622
Sophia Jiang,tt10005622
Paul Agusta,tt10011002
Farell Akbar,tt10011002
Tubagus Ali,tt10011002
Arzendra Arzendra,tt10011002
Putri Ayudya,tt10011002
Bisma Bisma,tt10011002
Bernadette Bonita,tt10011002
Dan Daniel,tt10011002
Salvita Decorte,tt10011002
Egy Fedly,tt10011002
Ken Thomas,tt10036186
Ramona Rieger,tt10036186
Rick Pfeiffer,tt10036186
Lee Anthony,tt10036186
Stefan Bluth,tt10036186
Simon Schneider,tt10036186
Niels Becker,tt10036186
Stefanie Heide,tt10036186
Yvo René Scharf,tt10036186
Antonella Patitucci,tt10036186
David B. Meadows,tt10044610
Rebecca Lambrusco,tt10044610
Jack Kennedy,tt10044610
Shannon Prior,tt10044610
Arun Vijay,tt10050150
Vamsi Krishna,tt10050150
Karthika Nair,tt10050150
Suruli,tt10050150
Rizky Nazar,tt10090058
Yasmin Napper,tt10090058
Omar Daniel,tt10090058
Ali Fikry,tt10090058
Edward Akbar,tt10090058
Sigi Wimala,tt10090058
Yatti Surachman,tt10090058
Yayan Ruhian,tt10090058
Cecep Arif Rahman,tt10090058
Jerome Kurnia,tt10090058
Felix Kammerer,tt1016150
Albrecht Schuch,tt1016150
Aaron Hilmer,tt1016150
Moritz Klaus,tt1016150
Adrian Grünewald,tt1016150
Edin Hasanovic,tt1016150
Daniel Brühl,tt1016150
Thibault de Montalembert,tt1016150
Devid Striesow,tt1016150
Andreas Döhler,tt1016150
Vinnie Jones,tt10198564
Lina Lecompte,tt10198564
Glenn Ennis,tt10198564
James Clayton,tt10198564
Philip Granger,tt10198564
Lori Triolo,tt10198564
Michael Mitton,tt10198564
Danny Mac,tt10198564
Janvier Katabarwa,tt10198564
Shaw Madson,tt10198564
Yui Shibata,tt10257354
Johnny Fontane,tt10257354
Rome Romanne,tt10257354
Elmor C Garlitos,tt10257354
Tais Pikula,tt10257354
Danny Zale,tt10257354
Ezra Miller,tt0439572
Michael Keaton,tt0439572
Sasha Calle,tt0439572
Michael Shannon,tt0439572
Ron Livingston,tt0439572
Maribel Verdú,tt0439572
Kiersey Clemons,tt0439572
Jeremy Irons,tt0439572
Antje Traue,tt0439572
Saoirse-Monica Jackson,tt0439572
Zachary Levi,tt10151854
Asher Angel,tt10151854
Jack Dylan Grazer,tt10151854
Rachel Zegler,tt10151854
Adam Brody,tt10151854
Ross Butler,tt10151854
D.J. Cotrona,tt10151854
Grace Caroline Currey,tt10151854
Meagan Good,tt10151854
Lucy Liu,tt10151854
Bruno Martinez,tt10225380
Juanjo Martínez,tt10225380
Federico Foscaldi,tt10225380
Bruno Giacobbe,tt10225380
Daniel Vanrell,tt10225380
Daniel Merwicer,tt10225380
Roberto Zuccon,tt10225380
Solange Chilinski,tt10225380
Julio Villar,tt10225380
Emanuel Garcia,tt10225380
Emily Rose Hernandez,tt10844184
Craig Edwards,tt10844184
"Matthew Clark ""Ghost""",tt10844184
Tesha Clark,tt10844184
Rich Brodie,tt10844184
Paul Edward Davies,tt10844184
Dylan Playfair,tt10928904
Hector David Jr.,tt10928904
Emily Rose Hernandez,tt10928904
David Siracusa,tt10928904
Raven Armando Astone,tt10928904
Aaron Cohen,tt10928904
Michael T. Dean,tt10928904
Janvier Katabarwa,tt10928904
Ikeem Boseman,tt10928904
Bronsonn Taylor,tt10928904
Redd Nicholson,tt11078340
Luna Wolf,tt11078340
Carly Halse,tt11078340
Paris Rivers,tt11078340
Lewis Cooper,tt11078340
Cy Henty,tt11078340
Richard Fysh,tt11078340
Grant Kempster,tt11078340
Pauline Peart,tt11078340
Matthew Baunsgard,tt11078340
David Anghel,tt11374514
Pauli Janhunen Calderón,tt11374514
Okan Akdag,tt11374514
Kevin Jimenez Bernal,tt11374514
Aina Schubert,tt11374514
Daniel Abreu,tt11374514
Rebecka Andersson,tt11374514
Pel Lindberg,tt11374514
Navid Ghaffarpour,tt11374514
Emilio Janhunen Calderón,tt11374514
Brooke Hayward,tt0067230
Sonja Henie,tt0067230
Branko Milicevic,tt0067230
Catherine Rouvel,tt0067230
Dobrila Stojnic,tt0067230
Srdjan Zelenovic,tt0067230
Barnabás Tóth,tt0153140
Zoltán Bezerédi,tt0153140
Levente Molnár,tt0153140
Linda Lisztes,tt0153140
Béla Spindler,tt0153140
Angéla Eke,tt0153140
Gerda Pikali,tt0153140
Betta Lipcsei,tt0153140
Douceline Derreal,tt0153140
Olivier-Jacques Bernard,tt0153140
Salvatore Basile,tt0288190
Ira Fronten,tt0288190
Carmenza Gómez,tt0288190
Jairo Camargo,tt0288190
César Mora,tt0288190
Adriana Ricardo,tt0288190
Yolanda García,tt0288190
Ramiro Meneses,tt0288190
Carlos Serrato,tt0288190
Gerónimo Basile,tt0288190
Harald Krassnitzer,tt0304876
Catrin Striebeck,tt0304876
Anna Fischer,tt0304876
Hanno Koffler,tt0304876
Robert Stadlober,tt0304876
Tilo Nest,tt0304876
Ralph Herforth,tt0304876
Franz Xaver Zach,tt0304876
Sunnyi Melles,tt0304876
Dietmar Horcicka,tt0304876
Melissa McHenry,tt0311698
Mark Strohman,tt0311698
Marko Zaror,tt0312958
Hugo Stiglitz,tt0312958
Susana González,tt0312958
Fidel Abrego,tt0312958
Emmanuel Brandon,tt0312958
Carlos Caballero,tt0312958
Francisco Calvo,tt0312958
Vicky de la Serna,tt0312958
Candela Fernandez,tt0312958
Carlos Garcia,tt0312958
Chete Lera,tt0353765
Neus Asensi,tt0353765
Manuel Manquiña,tt0353765
Belén Constenla,tt0353765
María Castro,tt0353765
Sergio Bermúdez,tt0353765
Xosé Manuel Olveira 'Pico',tt0353765
Gonzalo Uriarte,tt0353765
Berta Ojea,tt0353765
Rosa Álvarez,tt0353765
Dan De Luca,tt0365873
Kris Arnold,tt0365873
Natalie Diorio,tt0365873
Brian Sherman,tt0365873
Kate Debelack,tt0365873
Allana Kirk,tt0365873
Carlyncia S. Peck,tt0365873
Menchu Estaban,tt0365873
David Harscheid,tt0365873
Charles Winter,tt0365873
Freddie Highmore,tt0375568
Nicolas Cage,tt0375568
Kristen Bell,tt0375568
Charlize Theron,tt0375568
Ryan Stiles,tt0375568
Eugene Levy,tt0375568
Donald Sutherland,tt0375568
Bill Nighy,tt0375568
David Alan Grier,tt0375568
Alan Tudyk,tt0375568
Daniel Ball,tt0331312
Ande Cira,tt0331312
Michael Callahan,tt0331312
Frankie J. Mosca,tt0331312
Christopher Pleckaitis,tt0331312
Brian Calek,tt0331312
Carol Wei,tt0331312
Chris Johnson,tt0331312
Sal DeLucia,tt0331312
Sarah Caliendo,tt0331312
Jennifer Jelsema,tt0337882
Sam Logan Khaleghi,tt0337882
Mark Boyd,tt0337882
Casey James,tt0337882
Jeff Priskorn,tt0337882
Alaina Fleming,tt0337882
Jonathan Leigh West,tt0337882
Valentina Arnold,tt0337882
Michael Sneed,tt0337882
Matthew J. Boucher,tt0337882
Michael Warren,tt0393049
Joanna Cassidy,tt0393049
Joyce Guy,tt0393049
Bill Moseley,tt0393049
Jerome Elston Scott,tt0393049
Alan Blumenfeld,tt0393049
Art Evans,tt0393049
Nicholas Downs,tt0393049
Heather Bergdahl,tt0393049
Micah Stuart,tt0393049
Mandy Moore,tt0398286
Zachary Levi,tt0398286
Donna Murphy,tt0398286
Ron Perlman,tt0398286
M.C. Gainey,tt0398286
Jeffrey Tambor,tt0398286
Brad Garrett,tt0398286
Paul F. Tompkins,tt0398286
Richard Kiel,tt0398286
Delaney Rose Stein,tt0398286
Donald Faison,tt0423474
Eddie Kaye Thomas,tt0423474
Eddie Guerra,tt0423474
Abraham Benrubi,tt0423474
Jaime Pressly,tt0423474
Molly Sims,tt0423474
Roselyn Sanchez,tt0423474
Florence Henderson,tt0423474
Jon Polito,tt0423474
Paul Ben-Victor,tt0423474
Steve Carell,tt0427152
Paul Rudd,tt0427152
Stephanie Szostak,tt0427152
Zach Galifianakis,tt0427152
Jemaine Clement,tt0427152
Lucy Punch,tt0427152
Bruce Greenwood,tt0427152
David Walliams,tt0427152
Ron Livingston,tt0427152
Larry Wilmore,tt0427152
Tom Hanks,tt0435761
Tim Allen,tt0435761
Joan Cusack,tt0435761
Ned Beatty,tt0435761
Don Rickles,tt0435761
Michael Keaton,tt0435761
Wallace Shawn,tt0435761
John Ratzenberger,tt0435761
Estelle Harris,tt0435761
John Morris,tt0435761
Joe O'Byrne,tt0449005
Paul Birtwistle,tt0449005
Donna Henry,tt0449005
Roxanne Gregory,tt0449005
Clive Bonelle,tt0449005
James Foster,tt0449005
Jonathan Williams,tt0449005
Tim Paley,tt0449005
Chris Leonard,tt0449005
Michael Booth,tt0449005
Michael Cera,tt0446029
Mary Elizabeth Winstead,tt0446029
Kieran Culkin,tt0446029
Anna Kendrick,tt0446029
Alison Pill,tt0446029
Aubrey Plaza,tt0446029
Jason Schwartzman,tt0446029
Johnny Simmons,tt0446029
Mark Webber,tt0446029
Ellen Wong,tt0446029
Johnny Depp,tt0376136
Giovanni Ribisi,tt0376136
Aaron Eckhart,tt0376136
Michael Rispoli,tt0376136
Amber Heard,tt0376136
Richard Jenkins,tt0376136
Amaury Nolasco,tt0376136
Marshall Bell,tt0376136
Bill Smitrovich,tt0376136
Julian Holloway,tt0376136
James McAvoy,tt0377981
Emily Blunt,tt0377981
Maggie Smith,tt0377981
Ashley Jensen,tt0377981
Michael Caine,tt0377981
Matt Lucas,tt0377981
Jim Cummings,tt0377981
Jason Statham,tt0377981
Ozzy Osbourne,tt0377981
Stephen Merchant,tt0377981
Peter Abraham,tt0407194
Rebecca Friese,tt0407194
Natalie James,tt0407194
Al Liner,tt0407194
Mitchell Marks,tt0407194
Brenda Galilee Rhodes,tt0407194
Teresa Anne Volgenau,tt0407194
Hamilton von Watts,tt0433397
Melissa Joan Hart,tt0433397
Michael Cudlitz,tt0433397
Robert Guillaume,tt0433397
Alley Mills,tt0433397
Stacey Travis,tt0433397
Jackie Debatin,tt0433397
Perry Anzilotti,tt0433397
Chip Bent,tt0433397
Victor Rivers,tt0433397
Antonio Banderas,tt0448694
Salma Hayek,tt0448694
Zach Galifianakis,tt0448694
Billy Bob Thornton,tt0448694
Amy Sedaris,tt0448694
Constance Marie,tt0448694
Guillermo del Toro,tt0448694
Mike Mitchell,tt0448694
Rich Dietl,tt0448694
Ryan Crego,tt0448694
Vladimir Epifantsev,tt0459748
Mikhail Efremov,tt0459748
Andrey Fomin,tt0459748
Sergey Shnurov,tt0459748
Vladimir Menshov,tt0459748
Oleg Taktarov,tt0459748
Ivan Okhlobystin,tt0459748
Andrey Panin,tt0459748
Leonid Parfyonov,tt0459748
Aleksandr Gordon,tt0459748
Miguel Rodarte,tt0461336
Jesús Ochoa,tt0461336
Joaquín Cosio,tt0461336
Gerardo Taracena,tt0461336
Rodrigo Oviedo,tt0461336
Marius Biegai,tt0461336
Jaime Camil,tt0461336
Adal Ramones,tt0461336
Isela Vega,tt0461336
Juan Carlos Flores,tt0461336
Clody Cates,tt0462536
Fiona Cheung,tt0462536
Laura Jane Coles,tt0462536
Simone Cross,tt0462536
Jeffery Davis,tt0462536
Miriam Dorsett,tt0462536
Owen Drake,tt0462536
Owen Edson,tt0462536
Matthew W. Eierman,tt0462536
Skip Emerson,tt0462536
Hilary Duff,tt0249516
Haylie Duff,tt0249516
Charlie Sheen,tt0249516
Eva Longoria,tt0249516
Wayne Brady,tt0249516
Christopher Lloyd,tt0249516
Chris Kattan,tt0249516
Larry Miller,tt0249516
Edward Asner,tt0249516
Jerry Stiller,tt0249516
Darren Geare,tt0285252
R.J. Knoll,tt0285252
Christopher Walken,tt0285252
Robert Wagner,tt0285252
Morgan Fairchild,tt0285252
Rutger Hauer,tt0285252
Christine Lakin,tt0285252
Beatrice Rosen,tt0285252
Robert Amstler,tt0285252
Saran Barnun,tt0285252
Sean Hayes,tt0383010
Chris Diamantopoulos,tt0383010
Will Sasso,tt0383010
Jane Lynch,tt0383010
Sofía Vergara,tt0383010
Jennifer Hudson,tt0383010
Craig Bierko,tt0383010
Stephen Collins,tt0383010
Larry David,tt0383010
Kirby Heyborne,tt0383010
Colin Firth,tt0404978
Cameron Diaz,tt0404978
Alan Rickman,tt0404978
Stanley Tucci,tt0404978
Tom Courtenay,tt0404978
Brodie Ross,tt0404978
Alex Macqueen,tt0404978
Joe Berryman,tt0404978
Ralph Alderman,tt0404978
Mike Noble,tt0404978
Federico Luppi,tt0426566
Matías Desiderio,tt0426566
Ana Fernández,tt0426566
Gabriel Corrado,tt0426566
Esther Goris,tt0426566
Gustavo Garzón,tt0426566
Javier Gimenez,tt0426566
Susana Hornos,tt0426566
Nicolás Condito,tt0426566
Roberto Peña,tt0426566
Marcelo Adnet,tt0452664
Eduardo Sterblitch,tt0452664
Mariana Ximenes,tt0452664
Stepan Nercessian,tt0452664
Elena Sopova,tt0452664
Susana Vieira,tt0452664
Luis Gustavo,tt0452664
Luís Carlos Miele,tt0452664
Andrea Beltrão,tt0452664
Xando Graça,tt0452664
Shane Patrick,tt0475360
Samantha Raddock,tt0475360
Chris Grabher,tt0475360
Wendy Charles,tt0475360
Mel England,tt0475360
Richard Whaley,tt0475360
Joe Hoover,tt0475360
Andrew Zutty,tt0475360
Tim McMurray,tt0475360
Jeffrey Paul Bobrick,tt0475360
Uwe Steimle,tt0485521
Julia Richter,tt0485521
Ina Paule Klink,tt0485521
Gen Seto,tt0485521
Michael Kind,tt0485521
Thorsten Merten,tt0485521
Yuki Iwamoto,tt0485521
Angelika Böttiger,tt0485521
Alexander Hörbe,tt0485521
Deborah Kaufmann,tt0485521
Eddie Murphy,tt0763831
Cliff Curtis,tt0763831
Kerry Washington,tt0763831
Clark Duke,tt0763831
Emanuel Ragsdale,tt0763831
Jill Basey,tt0763831
Greg Collins,tt0763831
Robert LeQuang,tt0763831
Michael G. Wilkinson,tt0763831
Lyndsey Nelson,tt0763831
Jennifer Tilly,tt0255820
Maria Conchita Alonso,tt0255820
Tippi Hedren,tt0255820
Debi Mazar,tt0255820
Ione Skye,tt0255820
Rolonda Watts,tt0255820
Phillip Bloch,tt0255820
Laura Harring,tt0255820
Shiva Rose,tt0255820
Marion Ramsey,tt0255820
Ben Stiller,tt0359950
Kristen Wiig,tt0359950
Jon Daly,tt0359950
Kathryn Hahn,tt0359950
Terence Bernie Hines,tt0359950
Adam Scott,tt0359950
Paul Fitzgerald,tt0359950
Grace Rex,tt0359950
Alex Anfanger,tt0359950
Amanda Naughton,tt0359950
Angie Everhart,tt0452183
Dennis Rodman,tt0452183
Pat Morita,tt0452183
Michael Winslow,tt0452183
James Hong,tt0452183
Jackie Martling,tt0452183
Mary Carey,tt0452183
Travis Acree,tt0452183
Ednyr Alequin,tt0452183
Joe Arndorfer,tt0452183
Steve Coogan,tt0469021
Colm Meaney,tt0469021
Tim Key,tt0469021
Karl Theobald,tt0469021
Nigel Lindsay,tt0469021
Felicity Montagu,tt0469021
Dustin Demri-Burns,tt0469021
Molly Seymour,tt0469021
Adam Langstaff,tt0469021
Aaron Heffernan,tt0469021
Nicolas Cage,tt0481499
Ryan Reynolds,tt0481499
Emma Stone,tt0481499
Catherine Keener,tt0481499
Cloris Leachman,tt0481499
Clark Duke,tt0481499
Chris Sanders,tt0481499
Randy Thom,tt0481499
Anthony Michael Hall,tt0490075
Elisabeth Röhm,tt0490075
Jamie Harrold,tt0490075
Lily Rabe,tt0490075
Chris Penn,tt0490075
Leo Burmester,tt0490075
Kent King,tt0490075
Frank Whaley,tt0490075
Paul Borghese,tt0490075
Saul Stein,tt0490075
Amber Heard,tt0762138
Shiloh Fernandez,tt0762138
Kellan Lutz,tt0762138
Brittany Snow,tt0762138
Juan Luis Acevedo,tt0762138
Kirstie Alley,tt0762138
Jolene Andersen,tt0762138
Max Barry,tt0762138
Katie Blake,tt0762138
Zachary Booth,tt0762138
Deirdre Lorenz,tt0780625
Matthew D. Panepinto,tt0780625
Richard Belzer,tt0780625
Dann Florek,tt0780625
Ice-T,tt0780625
Clark Johnson,tt0780625
Taylor Negron,tt0780625
Coco Austin,tt0780625
Diane Neal,tt0780625
Tom Archdeacon,tt0780625
Steve Carell,tt0790628
Luke Vanek,tt0790628
Steve Buscemi,tt0790628
Mason Cook,tt0790628
Olivia Wilde,tt0790628
Jim Carrey,tt0790628
James Gandolfini,tt0790628
Alan Arkin,tt0790628
Jay Mohr,tt0790628
Michael Herbig,tt0790628
Ryan Reynolds,tt0790736
Jeff Bridges,tt0790736
Mary-Louise Parker,tt0790736
Kevin Bacon,tt0790736
Stephanie Szostak,tt0790736
James Hong,tt0790736
Marisa Miller,tt0790736
Robert Knepper,tt0790736
Mike O'Malley,tt0790736
Devin Ratray,tt0790736
José López Alonso,tt0016906
Juan Belmonte,tt0016906
María Caballé,tt0016906
Miguel Ligero,tt0016906
Felisa López,tt0016906
Blanca Pozas,tt0016906
Ramper,tt0016906
Rosita Rodrigo,tt0016906
Olvido Rodríguez,tt0016906
Eva Stachino,tt0016906
Billy Bletcher,tt0168809
Pat Morita,tt0329539
Martin Kove,tt0329539
Ian Lithgow,tt0329539
Dean Haglund,tt0329539
Cat Ling,tt0329539
Joe Estevez,tt0329539
Gregg Joseph Monk,tt0329539
Fred Toma,tt0329539
Jacqeline Jetter,tt0329539
Evgeniy Lazarev,tt0329539
Chris Evans,tt0443465
Alice Eve,tt0443465
Emma Fitzpatrick,tt0443465
John Cullum,tt0443465
Mark Kassen,tt0443465
Elijah Moreland,tt0443465
Daniel Spink,tt0443465
Grim Reaper Q.,tt0443465
Dorothi Fox,tt0443465
Allie Woods Jr.,tt0443465
Pierce Brosnan,tt0458413
Toni Collette,tt0458413
Imogen Poots,tt0458413
Aaron Paul,tt0458413
Sarah Andre White,tt0458413
Joe Cole,tt0458413
Evelyn Duah,tt0458413
Therese Bradley,tt0458413
Sam Neill,tt0458413
Priyanga Burford,tt0458413
Jonathan Daniel Brown,tt0780548
Kenny Wormald,tt0780548
Aaron Yoo,tt0780548
Ron Perlman,tt0780548
John C. McGinley,tt0780548
Corey Large,tt0780548
Bryce Hodgson,tt0780548
Alex Arsenault,tt0780548
Jeffrey Ballard,tt0780548
Luke Jennings,tt0780548
Ben Kingsley,tt0787474
Jared Harris,tt0787474
Nick Frost,tt0787474
Richard Ayoade,tt0787474
Steve Blum,tt0787474
Dee Bradley Baker,tt0787474
Max Mitchell,tt0787474
Tracy Morgan,tt0787474
Nika Futterman,tt0787474
Pat Fraley,tt0787474
Shun Oguri,tt0862748
Jerry Yan,tt0862748
Tetsuji Tamayama,tt0862748
Gô Ayano,tt0862748
Meisa Kuroki,tt0862748
Kim Joon,tt0862748
Kim Joon,tt0862748
Thanayong Wongtrakul,tt0862748
Yuka Nakayama,tt0862748
Kazutaka Yoshii,tt0862748
Ty Burrell,tt0864835
Max Charles,tt0864835
Stephen Colbert,tt0864835
Leslie Mann,tt0864835
Lauri Fraser,tt0864835
Guillaume Aretos,tt0864835
Pat Musick,tt0864835
Ariel Winter,tt0864835
Karan Brar,tt0864835
Joshua Rush,tt0864835
Horatiu Malaele,tt0191476
Ion Besoiu,tt0191476
Alexandru Bindea,tt0191476
Coca Bloos,tt0191476
Cecilia Bârbora,tt0191476
Ana Ciontea,tt0191476
Gheorghe Dinica,tt0191476
Bujor Macrin,tt0191476
Ruxandra Sireteanu,tt0191476
Valentin Teodosiu,tt0191476
Mireia Aixalà,tt0346045
Martin Aslan,tt0346045
Héctor Atienza,tt0346045
Anna Azcona,tt0346045
Carlota Benet,tt0346045
Nerea Blanco,tt0346045
Amaury Brigante,tt0346045
Gemma Brió,tt0346045
Manuel Bronchud,tt0346045
Marcelo Bukin,tt0346045
Michaël Troude,tt0420097
Liliane Rovère,tt0420097
Axelle Charvoz,tt0420097
Philippe du Janerand,tt0420097
Nadia Fossier,tt0420097
Olivier Loustau,tt0420097
Alain Bouzigues,tt0420097
Eric de Montalier,tt0420097
Françoise Lépine,tt0420097
Fabio Zenoni,tt0420097
Paul Rudd,tt0478970
Michael Douglas,tt0478970
Corey Stoll,tt0478970
Evangeline Lilly,tt0478970
Bobby Cannavale,tt0478970
Anthony Mackie,tt0478970
Judy Greer,tt0478970
Abby Ryder Fortson,tt0478970
Michael Peña,tt0478970
David Dastmalchian,tt0478970
Kevin Hart,tt0884732
Josh Gad,tt0884732
Kaley Cuoco,tt0884732
Affion Crockett,tt0884732
Jorge Garcia,tt0884732
Dan Gill,tt0884732
Corey Holcomb,tt0884732
Ken Howard,tt0884732
Colin Kane,tt0884732
Cloris Leachman,tt0884732
Kathryn Kennedy,tt0461165
Michelle Kennedy,tt0461165
Zachary Kennedy,tt0461165
Renee Kennedy,tt0461165
Dennis Lawrence,tt0461165
Roxanne Edrington,tt0461165
Michael Kennedy,tt0461165
Ashlahn Burks-Staten,tt0461165
Leroy Castanon,tt0461165
Sharon Shawnessey,tt0461165
Josh Brolin,tt0475290
George Clooney,tt0475290
Alden Ehrenreich,tt0475290
Ralph Fiennes,tt0475290
Scarlett Johansson,tt0475290
Tilda Swinton,tt0475290
Channing Tatum,tt0475290
Frances McDormand,tt0475290
Jonah Hill,tt0475290
Veronica Osorio,tt0475290
Joey Cummings,tt0765453
Ty Paige,tt0765453
Clarence Phillpot,tt0765453
Chris Elwood,tt0821486
Linda Shing,tt0821486
Eddie Daniels,tt0821486
Jenni Pulos,tt0821486
Sarah Maria Newman,tt0821486
Stephanie L. Moore,tt0821486
Peter Abbay,tt0821486
Vincent Foster,tt0821486
Cheryl David,tt0821486
Cherish Alexander,tt0821486
Helen Chan,tt0087963
Olivia Cheng,tt0087963
Samuel Hui,tt0087963
Dean Shek,tt0087963
Jenny Tseng,tt0087963
Melvin Wong,tt0087963
Luis Alarcón,tt0100275
Patricia Rivadeneira,tt0100275
Francisco Reyes,tt0100275
Consuelo Castillo,tt0100275
Roberto Poblete,tt0100275
Liliana García,tt0100275
Mauricio Pesutic,tt0100275
Leticia Garrido,tt0100275
Marcial Edwards,tt0100275
Fernando Bordeu,tt0100275
Anthony Harrison,tt0137204
C. Ernst Harth,tt0137204
Ellie Harvie,tt0137204
Chilton Crane,tt0137204
Ron Chartier,tt0137204
Dmitry Chepovetsky,tt0137204
Bruce Dawson,tt0137204
Rheta Hutton,tt0137204
Ivan Krapic,tt0137204
Johannah Newmarch,tt0137204
John Goodman,tt0331314
Jeff Foxworthy,tt0331314
Kelsey Grammer,tt0331314
Johnny Orlando,tt0331314
Lola Wayne Villa,tt0331314
Kay Cole,tt0331314
Mark Hamill,tt0331314
Dorien Davies,tt0331314
Peter Chew,tt0331314
Jeremy Guskin,tt0331314
Matt Damon,tt0491175
Julianne Moore,tt0491175
Oscar Isaac,tt0491175
Noah Jupe,tt0491175
Steve Monroe,tt0491175
Gavin Wilde,tt0491175
Landon Gordon,tt0491175
Hope Banks,tt0491175
Karimah Westbrook,tt0491175
James Handy,tt0491175
Michael Peña,tt0493405
Dax Shepard,tt0493405
Vincent D'Onofrio,tt0493405
Rosa Salazar,tt0493405
Jessica McNamee,tt0493405
Adam Brody,tt0493405
Isiah Whitlock Jr.,tt0493405
Richard T. Jones,tt0493405
Ryan Hansen,tt0493405
Jane Kaczmarek,tt0493405
Tommy Dysart,tt0111414
Sanaa Lathan,tt0365545
Ricky Whittle,tt0365545
Lyriq Bent,tt0365545
Lynn Whitfield,tt0365545
Ernie Hudson,tt0365545
Daria Johns,tt0365545
Camille Guaty,tt0365545
Brittany S. Hall,tt0365545
Terry Serpico,tt0365545
Jen Harper,tt0365545
Zachary Levi,tt0448115
Mark Strong,tt0448115
Asher Angel,tt0448115
Jack Dylan Grazer,tt0448115
Adam Brody,tt0448115
Djimon Hounsou,tt0448115
Faithe Herman,tt0448115
Meagan Good,tt0448115
Grace Caroline Currey,tt0448115
Michelle Borth,tt0448115
Douglas Booth,tt0800325
Iwan Rheon,tt0800325
Colson Baker,tt0800325
Daniel Webber,tt0800325
Erin Ownbey,tt0800325
Aaron Jay Rome,tt0800325
Alyssa Marie Stilwell,tt0800325
Brittany Furlan,tt0800325
Trace Masters,tt0800325
Matthew Underwood,tt0800325
Abbi Lake O'Neill,tt0446792
Jay Huguley,tt0446792
Robert Walden,tt0446792
Ken Kercheval,tt0446792
Diana Cignoni,tt0446792
Valarie Pettiford,tt0446792
Ezra Cruz,tt0446792
Roshawn Franklin,tt0446792
Jacques Landry,tt0446792
Connie Roberson,tt0446792
Anne Hathaway,tt0805647
Octavia Spencer,tt0805647
Stanley Tucci,tt0805647
Chris Rock,tt0805647
Jahzir Bruno,tt0805647
Brian Bovell,tt0805647
Joseph Zinyemba,tt0805647
Josette Simon,tt0805647
Jonathan Livingstone,tt0805647
Miranda Sarfo Peprah,tt0805647
Zofia Stafiej,tt10004368
Kinga Preis,tt10004368
Arkadiusz Jakubik,tt10004368
Dawid Tulej,tt10004368
Nigel O'Neill,tt10004368
Shane Casey,tt10004368
David Pearse,tt10004368
Donncha Crowley,tt10004368
Cosmina Stratan,tt10004368
Zofia Przygonska,tt10004368
Jack Hunter II,tt10005078
Jade Michael LaFont,tt10005078
Tony Brown,tt10005078
John Harvie,tt0195838
John Paizs,tt0195838
Kathy Driscoll,tt0195838
Darrell Baran,tt0195838
John Burchat,tt0195838
Don Hewak,tt0195838
Greg Klymkiw,tt0195838
Neil Lawrie,tt0195838
Guy Maddin,tt0195838
Kyle McCulloch,tt0195838
Peter Jordan,tt0195957
John Paizs,tt0195957
John Burchat,tt0195957
Kim Cayer,tt0195957
Bob Cloutier,tt0195957
Dean Dacko,tt0195957
Gerry Klym,tt0195957
Greg Klymkiw,tt0195957
Neil Lawrie,tt0195957
Margaret Anne MacLeod,tt0195957
John Francis Daley,tt0326716
Austin Pendleton,tt0326716
Kevin Rosendo,tt0326716
Colleen Camp,tt0326716
Neil Flynn,tt0326716
Steve Coulter,tt0326716
Emmi Chen,tt0326716
Katie Jeep,tt0326716
Justin Mentell,tt0326716
Gwen Kmiec,tt0326716
Dwayne Johnson,tt0870154
Emily Blunt,tt0870154
Edgar Ramírez,tt0870154
Jack Whitehall,tt0870154
Jesse Plemons,tt0870154
Paul Giamatti,tt0870154
Veronica Falcón,tt0870154
Dani Rovira,tt0870154
Quim Gutiérrez,tt0870154
Dan Dargan Carter,tt0870154
Michael Wawrzynek,tt10010852
Jessica O'Hara-Baker,tt10010852
Juliet Biscotti,tt10010852
Beverly Brennan,tt10010852
Karl Kleist,tt10010852
Rob Klubeck,tt10010852
Morgan Monaghan,tt10010852
Alicia Nordstrom,tt10010852
Connie Shelhamer,tt10010852
Anne Steele,tt10010852
Bill Welch,tt10010874
Alex Jade,tt10020060
Michael Reventar,tt10020060
Ryan Allen,tt10020060
Pedro Miguel Arce,tt10020060
Robert B. Kennedy,tt10020060
Linda Goranson,tt10020060
Jessica Pontes,tt10020060
Miguel Anthony,tt10020060
Dale Samms,tt10020060
Jon Welch,tt10020060
Manuel Millán,tt10024902
Oscar Doviso,tt10024902
Miguel Ángel Aijón,tt10024902
Pedro Brandariz Gómez,tt10024902
Beatriz Cid,tt10024902
Abel Couso,tt10024902
Juan Hervella-Rego,tt10024902
Sebastián Mato,tt10024902
Carlos Pérez,tt10024902
Blanca Álvarez,tt10024902
Aamir Khan,tt10028196
Ahmad Ibn Umar,tt10028196
Kareena Kapoor,tt10028196
Hafsa Ashraf,tt10028196
Mona Singh,tt10028196
Naga Chaitanya Akkineni,tt10028196
Manav Vij,tt10028196
Aaryaa Sharma,tt10028196
Arun Bali,tt10028196
Kamini Kaushal,tt10028196
Lou Martini Jr.,tt10029484
Toni D'Antonio,tt10029484
Ronnie Marmo,tt10029484
Tony Devon,tt10029484
Mike Marino,tt10029484
Armand Madeo,tt10029484
Ernest Mingione,tt10029484
Marla Freeman,tt10029484
Kyle Merker,tt10029484
Susan Moses,tt10029484
Billy Chaser,tt10035194
Jay Hatfield,tt10035194
Eric Perez,tt10035194
Richard Garza,tt10035194
Dave Thomas,tt10035194
Grindhead Jim Deabenderfer,tt10035194
Roy O'Neil,tt10035194
David Eaton,tt10035194
Lance De Los Santos,tt10035194
Henry C.A. Beck,tt10035194
Christian Potenza,tt10047464
Matia Jackett,tt10047464
Jordan Kronis,tt10047464
Alexander Nunez,tt10047464
Nicolas Grimes,tt10047464
Eman Ayaz,tt10047464
Samantha Espie,tt10047464
Chris Handfield,tt10047464
Brad Austin,tt10047464
Zion Forrest Lee,tt10047464
Chosen Jacobs,tt10160886
Lexi Underwood,tt10160886
Devyn Nekoda,tt10160886
Bryan Terrell Clark,tt10160886
Kolton Stewart,tt10160886
Robyn Alomar,tt10160886
Yvonne Senat Jones,tt10160886
Juan Chioran,tt10160886
John Salley,tt10160886
Ronica Sajnani,tt10160886
Art Hall,tt10193142
Rosie Koocher,tt10193142
Nicola Graham,tt10193142
Robb Padgett,tt10193142
David Shofner,tt10193142
Sara J. Stuckey,tt10193142
Bryan Bertone,tt10193142
Tanya Ihnen,tt10193142
Christopher Blaauw,tt10193142
Sarah Nicklin,tt10193142
Zachary Levi,tt10151854
Asher Angel,tt10151854
Jack Dylan Grazer,tt10151854
Rachel Zegler,tt10151854
Adam Brody,tt10151854
Ross Butler,tt10151854
D.J. Cotrona,tt10151854
Grace Caroline Currey,tt10151854
Meagan Good,tt10151854
Lucy Liu,tt10151854
Zachary Robert Poole,tt10178004
Kemma Filby,tt10178004
Gracie Doan,tt10178004
BJ Lange,tt10178004
Kristi Murdock,tt10178004
Burt Binder,tt10178004
Sean Benum,tt10178004
Benjamin Beyeler,tt10178004
Astoncia Bhagat,tt10178004
Nina Chatman,tt10178004
Casey Lee McIntosh,tt10305228
Joe Hammerstone,tt10305228
Scarlett O'Shaughnessy,tt10305228
William Conklin,tt10305228
Namashi Chakraborthy,tt10351180
Amrin Qureshi,tt10351180
Darshan Jariwala,tt10351180
Johny Lever,tt10351180
Saswata Chatterjee,tt10351180
Rajesh Sharma,tt10351180
Madhu Anand Chandhock,tt10351180
Rajpal Naurang Yadav,tt10351180
Nondinii Chatterjee,tt10351180
Kurush Deboo,tt10351180
Annouck Hautbois,tt10364034
Benjamin Bollen,tt10364034
Antoine Tomé,tt10364034
Fanny Bloc,tt10364034
Jeanne Chartier,tt10364034
Marie Chevalot,tt10364034
Flora Kaprielan,tt10364034
Thierry Kazazian,tt10364034
Jessie Lambotte,tt10364034
Martial Le Minoux,tt10364034
A.J. Laird,tt10408218
Steve Piper,tt10408218
Jada Krueger,tt10408218
Catalina Ariel,tt10408218
Brian Naydol,tt10408218
Kevin Baker,tt10408218
Max Neuens,tt10408218
Brynn Beveridge,tt10408218
Egzon Sulejmani,tt10408218
Maddison Crecchio,tt10408218
Cailey Fleming,tt11152168
Ryan Reynolds,tt11152168
John Krasinski,tt11152168
Phoebe Waller-Bridge,tt11152168
Fiona Shaw,tt11152168
Steve Carell,tt11152168
Louis Gossett Jr.,tt11152168
Alan Kim,tt11152168
Liza Colón-Zayas,tt11152168
Bobby Moynihan,tt11152168
Tamás Ravasz,tt0143558
János Derzsi,tt0143558
Andrea Nagy,tt0143558
Lukács Bicskey,tt0143558
István Znamenák,tt0143558
Barnabás Tóth,tt0153140
Zoltán Bezerédi,tt0153140
Levente Molnár,tt0153140
Linda Lisztes,tt0153140
Béla Spindler,tt0153140
Angéla Eke,tt0153140
Gerda Pikali,tt0153140
Betta Lipcsei,tt0153140
Douceline Derreal,tt0153140
Olivier-Jacques Bernard,tt0153140
Saif Ali Khan,tt0205380
Atul Agnihotri,tt0205380
Pooja Bhatt,tt0205380
Sheeba Agarwal,tt0205380
Vikas Anand,tt0205380
Tabassum Govil,tt0205380
Dinesh Hingoo,tt0205380
Saeed Jaffrey,tt0205380
Shashi Kiran,tt0205380
Alok Nath,tt0205380
Ken Ward,tt0254832
Darlene Conte,tt0254832
Jeff Stearns,tt0254832
Katherine Boecher,tt0254832
Rowan Joseph,tt0254832
Suzanne Whang,tt0254832
Wendee Lee,tt0254832
Stephanie Kelley,tt0254832
Mike Meyers,tt0254832
Melissa McHenry,tt0311698
Mark Strohman,tt0311698
Dakota Fanning,tt0327597
Teri Hatcher,tt0327597
John Hodgman,tt0327597
Jennifer Saunders,tt0327597
Dawn French,tt0327597
Keith David,tt0327597
Robert Bailey Jr.,tt0327597
Ian McShane,tt0327597
Aankha Neal,tt0327597
George Selick,tt0327597
Smriti Mishra,tt0344074
Namrata Singh Gujral,tt0344074
Amit Garg,tt0344074
Rupinder Nagra,tt0344074
Manjit Singh,tt0344074
Jesse Allen,tt0344074
Pia Shah,tt0344074
Muldoon Elder,tt0344074
Durek Verett,tt0344074
Asha Menghrajani,tt0344074
Michael Jai White,tt0346631
Julian Sands,tt0346631
Eamonn Walker,tt0346631
Dante Basco,tt0346631
Nona Gaye,tt0346631
Michelle Belegrin,tt0346631
Bob Sapp,tt0346631
Dick Anthony Williams,tt0346631
Francis Capra,tt0346631
Ron Yuan,tt0346631
Brad Pitt,tt0361748
Diane Kruger,tt0361748
Eli Roth,tt0361748
Mélanie Laurent,tt0361748
Christoph Waltz,tt0361748
Michael Fassbender,tt0361748
Daniel Brühl,tt0361748
Til Schweiger,tt0361748
Gedeon Burkhard,tt0361748
Jacky Ido,tt0361748
Cameron Diaz,tt0362478
James Marsden,tt0362478
Frank Langella,tt0362478
James Rebhorn,tt0362478
Holmes Osborne,tt0362478
Sam Oz Stone,tt0362478
Gillian Jacobs,tt0362478
Celia Weston,tt0362478
Deborah Rush,tt0362478
Lisa K. Wyatt,tt0362478
Éva Gábor,tt0146592
István Znamenák,tt0146592
Ákos Horváth,tt0146592
Lia Pokorny,tt0146592
Izabella Hegyi,tt0146592
Szabolcs Thuróczy,tt0146592
Ági Margitai,tt0146592
Eszter Márton,tt0146592
Lóránt Matta,tt0146592
Róbert Kardos,tt0146592
Kornél Mundruczó,tt0154039
Daniel Olbrychski,tt0154039
György Cserhalmi,tt0154039
Gábor Nagypál,tt0154039
László Gálffi,tt0154039
Zoltán Mucsi,tt0154039
Florian Teichtmeister,tt0154039
Miklós Székely B.,tt0154039
Simon Szabó,tt0154039
Lajos Balázsovits,tt0154039
Zoltán Rátóti,tt0162942
Yu Debin,tt0162942
Eszter Bánfalvi,tt0162942
Ferenc Lengyel,tt0162942
Attila Egyed,tt0162942
Shan Yu Tio,tt0162942
Erika Horváth,tt0162942
Uwe Lauer,tt0162942
Gábor Pintér,tt0162942
Szabolcs Thuróczy,tt0162942
R.J. Adams,tt0230212
Rob Adams,tt0230212
Philip Winchester,tt0326965
Tim Draxl,tt0326965
Lacey Chabert,tt0326965
Abigail Spencer,tt0326965
Kelly Overton,tt0326965
Amy Aquino,tt0326965
Tony Hale,tt0326965
Kevin Kilner,tt0326965
Aidan Mitchell,tt0326965
Michael Badalucco,tt0326965
Daniel Ball,tt0331312
Ande Cira,tt0331312
Michael Callahan,tt0331312
Frankie J. Mosca,tt0331312
Christopher Pleckaitis,tt0331312
Brian Calek,tt0331312
Carol Wei,tt0331312
Chris Johnson,tt0331312
Sal DeLucia,tt0331312
Sarah Caliendo,tt0331312
Jennifer Jelsema,tt0337882
Sam Logan Khaleghi,tt0337882
Mark Boyd,tt0337882
Casey James,tt0337882
Jeff Priskorn,tt0337882
Alaina Fleming,tt0337882
Jonathan Leigh West,tt0337882
Valentina Arnold,tt0337882
Michael Sneed,tt0337882
Matthew J. Boucher,tt0337882
Jon Cohn,tt0370451
Brian Robinson,tt0370451
Kyle Riley,tt0370451
Daron Ross,tt0370451
Michael Russotto,tt0370451
Andrew William Smith,tt0370451
Tony Fair,tt0370451
Rahaleh Nassri,tt0370451
Zachary Karem,tt0370451
Gyula Balázsi,tt0176694
Péter Benkö,tt0176694
Ágnes Bertalan,tt0176694
Péter Blaskó,tt0176694
Ferenc Borbiczky,tt0176694
Gyula Buss,tt0176694
János Bácskai,tt0176694
László Csurka,tt0176694
Gábor Csíkos,tt0176694
Iván Dengyel,tt0176694
Carlota Sosa,tt0247643
Daniela Bascopé,tt0247643
Óscar Borda,tt0247643
Pedro Lander,tt0247643
Yvonne Reyes,tt0247643
Arlette Torres,tt0247643
Paul Sanderson,tt0311448
Sterling Walbrook,tt0311448
Robert Bennett,tt0311448
Cliff Jenkins,tt0311448
Patrick Toon,tt0311448
Anna Palermo,tt0311448
Robert Bales,tt0311448
Cynthia Emmer,tt0311448
Brittania Nicol,tt0323808
Henry Garrett,tt0323808
Graham McTavish,tt0323808
Jacqueline Leonard,tt0323808
James Mapes,tt0323808
Lesley Mackie,tt0323808
Clive Russell,tt0323808
Bill Murdoch,tt0323808
Kirstin Murray,tt0323808
Christopher Fosh,tt0323808
Vincent Pastore,tt0372538
Ben Curtis,tt0372538
Lora Kojovic,tt0372538
Kory Bassett,tt0372538
Tonja Walker,tt0372538
Vinny Vella,tt0372538
Gerald Bunsen,tt0372538
Mike Bash,tt0372538
Sam Bilinkas,tt0372538
Jim Bonney,tt0372538
Johnny Depp,tt0376136
Giovanni Ribisi,tt0376136
Aaron Eckhart,tt0376136
Michael Rispoli,tt0376136
Amber Heard,tt0376136
Richard Jenkins,tt0376136
Amaury Nolasco,tt0376136
Marshall Bell,tt0376136
Bill Smitrovich,tt0376136
Julian Holloway,tt0376136
Kim Sønderholm,tt0406282
Andrea Vagn Jensen,tt0406282
Ole Thestrup,tt0406282
Mads Koudal,tt0406282
Mick Øgendahl,tt0406282
Troels II Munk,tt0406282
Anne-Marie Streibig,tt0406282
Niels Lund Boesen,tt0406282
Helene Høm Kristiansen,tt0406282
Katja Larsen,tt0406282
Sam Riley,tt0337692
Garrett Hedlund,tt0337692
Kristen Stewart,tt0337692
Amy Adams,tt0337692
Tom Sturridge,tt0337692
Alice Braga,tt0337692
Elisabeth Moss,tt0337692
Danny Morgan,tt0337692
Kirsten Dunst,tt0337692
Viggo Mortensen,tt0337692
Federico Luppi,tt0426566
Matías Desiderio,tt0426566
Ana Fernández,tt0426566
Gabriel Corrado,tt0426566
Esther Goris,tt0426566
Gustavo Garzón,tt0426566
Javier Gimenez,tt0426566
Susana Hornos,tt0426566
Nicolás Condito,tt0426566
Roberto Peña,tt0426566
Giselle Itié,tt0433533
Eduardo Paxeco,tt0433533
Catalina Saavedra,tt0433533
Marcelo Alonso,tt0433533
Juan Pablo Miranda,tt0433533
Hernán Lacalle,tt0433533
Luz Valdivieso,tt0433533
Matías Jara,tt0433533
Pablo Schwarz,tt0433533
Wil Edgar,tt0433533
Silvia Colloca,tt0433787
Laura Lattuada,tt0433787
John Phillip Law,tt0433787
Regina Nemni,tt0433787
Walter D'Errico,tt0433787
Francesca Rettondini,tt0433787
Fabrizio Spera,tt0433787
Paola Carleo,tt0433787
Alberto Viola,tt0433787
Andrea Riccardo Bruschi,tt0433787
Daniel Day-Lewis,tt0443272
Sally Field,tt0443272
David Strathairn,tt0443272
Joseph Gordon-Levitt,tt0443272
James Spader,tt0443272
Hal Holbrook,tt0443272
Tommy Lee Jones,tt0443272
John Hawkes,tt0443272
Jackie Earle Haley,tt0443272
Bruce McGill,tt0443272
Suraj Sharma,tt0454876
Irrfan Khan,tt0454876
Adil Hussain,tt0454876
Tabu,tt0454876
Ayush Tandon,tt0454876
Gautam Belur,tt0454876
Ayaan Khan,tt0454876
Mohd. Abbas Khaleeli,tt0454876
Vibish Sivakumar,tt0454876
Rafe Spall,tt0454876
Paul Dano,tt0455323
Robert De Niro,tt0455323
Julianne Moore,tt0455323
Olivia Thirlby,tt0455323
Eddie Rouse,tt0455323
Steve Cirbus,tt0455323
Lili Taylor,tt0455323
Victor Rasuk,tt0455323
Liam Broggy,tt0455323
Chris Chalk,tt0455323
Jennifer Tilly,tt0255820
Maria Conchita Alonso,tt0255820
Tippi Hedren,tt0255820
Debi Mazar,tt0255820
Ione Skye,tt0255820
Rolonda Watts,tt0255820
Phillip Bloch,tt0255820
Laura Harring,tt0255820
Shiva Rose,tt0255820
Marion Ramsey,tt0255820
Ben Stiller,tt0359950
Kristen Wiig,tt0359950
Jon Daly,tt0359950
Kathryn Hahn,tt0359950
Terence Bernie Hines,tt0359950
Adam Scott,tt0359950
Paul Fitzgerald,tt0359950
Grace Rex,tt0359950
Alex Anfanger,tt0359950
Amanda Naughton,tt0359950
Elizabeth Olsen,tt0409379
Tom Felton,tt0409379
Jessica Lange,tt0409379
Oscar Isaac,tt0409379
Shirley Henderson,tt0409379
Matt Lucas,tt0409379
Mackenzie Crook,tt0409379
John Kavanagh,tt0409379
Lily Laight,tt0409379
Matt Devere,tt0409379
Sarah-Sofie Boussnina,tt0431830
Jacob Utzon Krefeld,tt0431830
Lukas Schwarz Thorsteinsson,tt0431830
Chadwick Boseman,tt0453562
T.R. Knight,tt0453562
Harrison Ford,tt0453562
Nicole Beharie,tt0453562
Christopher Meloni,tt0453562
Ryan Merriman,tt0453562
Lucas Black,tt0453562
André Holland,tt0453562
Alan Tudyk,tt0453562
Hamish Linklater,tt0453562
D.J. Foster,tt0479700
Leo Taylor,tt0479700
Claudia Buttazzoni,tt0479700
Jim Daly,tt0479700
Dorothy Yu,tt0479700
Vince Gill,tt0479700
Christabelle Sved,tt0479700
David Robinson,tt0479700
David Barry,tt0479700
Laurent Boulanger,tt0479700
Jamie Blackley,tt0485061
Anthony Warren,tt0485061
Jack Lowden,tt0485061
Toby Regbo,tt0485061
James Burrows,tt0485061
Amy Wren,tt0485061
Scott Chambers,tt0485061
Jay McDonald,tt0485061
Mark Womack,tt0485061
Louise Delamere,tt0485061
Amber Heard,tt0762138
Shiloh Fernandez,tt0762138
Kellan Lutz,tt0762138
Brittany Snow,tt0762138
Juan Luis Acevedo,tt0762138
Kirstie Alley,tt0762138
Jolene Andersen,tt0762138
Max Barry,tt0762138
Katie Blake,tt0762138
Zachary Booth,tt0762138
Deirdre Lorenz,tt0780625
Matthew D. Panepinto,tt0780625
Richard Belzer,tt0780625
Dann Florek,tt0780625
Ice-T,tt0780625
Clark Johnson,tt0780625
Taylor Negron,tt0780625
Coco Austin,tt0780625
Diane Neal,tt0780625
Tom Archdeacon,tt0780625
Matthew McConaughey,tt0790636
Jennifer Garner,tt0790636
Jared Leto,tt0790636
Steve Zahn,tt0790636
Denis O'Hare,tt0790636
Michael O'Neill,tt0790636
Dallas Roberts,tt0790636
Griffin Dunne,tt0790636
Kevin Rankin,tt0790636
Donna Duplantier,tt0790636
Marie-Claude Dallaire,tt0165933
Lysanne Gallant,tt0165933
Sean Bean,tt0338258
Charles Dance,tt0338258
Rupert Grint,tt0338258
James D'Arcy,tt0338258
Jason Flemyng,tt0338258
Sam Spruell,tt0338258
Neil Maskell,tt0338258
Dave Legeno,tt0338258
Liam Neeson,tt0365907
Dan Stevens,tt0365907
David Harbour,tt0365907
Boyd Holbrook,tt0365907
Maurice Compte,tt0365907
Patrick McDade,tt0365907
Luciano Acuna Jr.,tt0365907
Hans Marrero,tt0365907
Laura Birn,tt0365907
Adam David Thompson,tt0365907
Michael Madsen,tt0424859
Jean-Hugues Anglade,tt0424859
Megan Maczko,tt0424859
Sabina Akhmedova,tt0424859
Leo Gregory,tt0424859
Wendy Thomas,tt0424859
Elana Krausz,tt0424859
Julia Verdin,tt0424859
Meredith Ostrom,tt0424859
David Birkin,tt0424859
Brenton Thwaites,tt0435651
Jeff Bridges,tt0435651
Meryl Streep,tt0435651
Taylor Swift,tt0435651
Alexander Skarsgård,tt0435651
Katie Holmes,tt0435651
Odeya Rush,tt0435651
Cameron Monaghan,tt0435651
Emma Tremblay,tt0435651
Alexander Jillings,tt0435651
Chris Evans,tt0443465
Alice Eve,tt0443465
Emma Fitzpatrick,tt0443465
John Cullum,tt0443465
Mark Kassen,tt0443465
Elijah Moreland,tt0443465
Daniel Spink,tt0443465
Grim Reaper Q.,tt0443465
Dorothi Fox,tt0443465
Allie Woods Jr.,tt0443465
Pierce Brosnan,tt0458413
Toni Collette,tt0458413
Imogen Poots,tt0458413
Aaron Paul,tt0458413
Sarah Andre White,tt0458413
Joe Cole,tt0458413
Evelyn Duah,tt0458413
Therese Bradley,tt0458413
Sam Neill,tt0458413
Priyanga Burford,tt0458413
Alicia Vikander,tt0470752
Domhnall Gleeson,tt0470752
Oscar Isaac,tt0470752
Sonoya Mizuno,tt0470752
Corey Johnson,tt0470752
Claire Selby,tt0470752
Symara A. Templeman,tt0470752
Gana Bayarsaikhan,tt0470752
Tiffany Pisani,tt0470752
Elina Alminas,tt0470752
Dilip Tadeshwar,tt0485535
Rakhi Sawant,tt0485535
Donny Kapoor,tt0485535
Rakesh Bedi,tt0485535
Javed Khan Amrohi,tt0485535
Vishwajeet Pradhan,tt0485535
Raza Murad,tt0485535
Geeta Nishad,tt0485535
Shubhangi,tt0485535
Ramesh Goyal,tt0485535
Kim Soss,tt0177220
Elisabeth Subrin,tt0177220
Marco Ricca,tt0337926
Andrea Beltrão,tt0337926
Paulo Betti,tt0337926
Letícia Sabatella,tt0337926
Leandra Leal,tt0337926
Gabriel Braga Nunes,tt0337926
Eliane Giardini,tt0337926
Zezé Polessa,tt0337926
Marcos Oliveira,tt0337926
Ricardo Blat,tt0337926
Mireia Aixalà,tt0346045
Martin Aslan,tt0346045
Héctor Atienza,tt0346045
Anna Azcona,tt0346045
Carlota Benet,tt0346045
Nerea Blanco,tt0346045
Amaury Brigante,tt0346045
Gemma Brió,tt0346045
Manuel Bronchud,tt0346045
Marcelo Bukin,tt0346045
Ezra Miller,tt0420293
Tye Sheridan,tt0420293
Billy Crudup,tt0420293
Olivia Thirlby,tt0420293
Michael Angarano,tt0420293
Moises Arias,tt0420293
Nicholas Braun,tt0420293
Gaius Charles,tt0420293
Keir Gilchrist,tt0420293
Ki Hong Lee,tt0420293
Tom Hiddleston,tt0462335
Jeremy Irons,tt0462335
Sienna Miller,tt0462335
Luke Evans,tt0462335
Elisabeth Moss,tt0462335
James Purefoy,tt0462335
Keeley Hawes,tt0462335
Peter Ferdinando,tt0462335
Sienna Guillory,tt0462335
Reece Shearsmith,tt0462335
Dev Patel,tt0787524
Jeremy Irons,tt0787524
Malcolm Sinclair,tt0787524
Raghuvir Joshi,tt0787524
Dhritiman Chatterjee,tt0787524
Stephen Fry,tt0787524
Arundathi Nag,tt0787524
Devika Bhise,tt0787524
Pádraic Delaney,tt0787524
Toby Jones,tt0787524
Don Cheadle,tt0790770
Emayatzy Corinealdi,tt0790770
Ewan McGregor,tt0790770
Michael Stuhlbarg,tt0790770
LaKeith Stanfield,tt0790770
Brian Bowman,tt0790770
Christina Karis,tt0790770
Brent Vimtrup,tt0790770
Michael Bath,tt0790770
Reginald Willis,tt0790770
Eddie Redmayne,tt0810819
Alicia Vikander,tt0810819
Amber Heard,tt0810819
Ben Whishaw,tt0810819
Tusse Silberg,tt0810819
Adrian Schiller,tt0810819
Emerald Fennell,tt0810819
Henry Pettigrew,tt0810819
Claus Bue,tt0810819
Peter Krag,tt0810819
Amitabh Bachchan,tt0315642
Farhan Akhtar,tt0315642
Aditi Rao Hydari,tt0315642
John Abraham,tt0315642
Manav Kaul,tt0315642
Neil Nitin Mukesh,tt0315642
Anjumm Shharma,tt0315642
Prakash Belawadi,tt0315642
Murli Sharma,tt0315642
Nasir Khan,tt0315642
Ewan McGregor,tt0376479
Jennifer Connelly,tt0376479
Dakota Fanning,tt0376479
Peter Riegert,tt0376479
Rupert Evans,tt0376479
Uzo Aduba,tt0376479
Molly Parker,tt0376479
Valorie Curry,tt0376479
Hannah Nordberg,tt0376479
Julia Silverman,tt0376479
Gemma Arterton,tt0443533
Derek Jacobi,tt0443533
Elliott Gould,tt0443533
Sophie Nélisse,tt0443533
Torri Higginson,tt0443533
Mark Rendall,tt0443533
William Ainscough,tt0443533
Michelle Santiago,tt0443533
Jamie Bloch,tt0443533
Alex Ozerov-Meyer,tt0443533
Yana Drouz,tt0470936
Ashot Adamyan,tt0470936
Karen Dzhanibekyan,tt0470936
Hrachya Harutyunyan,tt0470936
Heghine Hovhannisyan,tt0470936
Harutyun Movsisyan,tt0470936
Vigen Stepanyan,tt0470936
Josh Brolin,tt0475290
George Clooney,tt0475290
Alden Ehrenreich,tt0475290
Ralph Fiennes,tt0475290
Scarlett Johansson,tt0475290
Tilda Swinton,tt0475290
Channing Tatum,tt0475290
Frances McDormand,tt0475290
Jonah Hill,tt0475290
Veronica Osorio,tt0475290
Andrew Garfield,tt0490215
Adam Driver,tt0490215
Liam Neeson,tt0490215
Tadanobu Asano,tt0490215
Ciarán Hinds,tt0490215
Issei Ogata,tt0490215
Shin'ya Tsukamoto,tt0490215
Yoshi Oida,tt0490215
Yôsuke Kubozuka,tt0490215
Kaoru Endô,tt0490215
Zoe Saldana,tt0493076
David Oyelowo,tt0493076
Kevin Mambo,tt0493076
Ronald Guttman,tt0493076
Chuma Gault,tt0493076
Allison Sarofim,tt0493076
Mike Epps,tt0493076
Keith David,tt0493076
Ella Joyce,tt0493076
Stevens Gaston,tt0493076
Geoffrey Lewis,tt0838194
Richard Roundtree,tt0838194
Branden Williams,tt0838194
Charlie Talbert,tt0838194
Dian Bachar,tt0838194
Tim Colceri,tt0838194
Michael Wiseman,tt0838194
Lightfield Lewis,tt0838194
Matt Easton,tt0838194
Tomi Davis,tt0838194
Helen Chan,tt0087963
Olivia Cheng,tt0087963
Samuel Hui,tt0087963
Dean Shek,tt0087963
Jenny Tseng,tt0087963
Melvin Wong,tt0087963
Luis Alarcón,tt0100275
Patricia Rivadeneira,tt0100275
Francisco Reyes,tt0100275
Consuelo Castillo,tt0100275
Roberto Poblete,tt0100275
Liliana García,tt0100275
Mauricio Pesutic,tt0100275
Leticia Garrido,tt0100275
Marcial Edwards,tt0100275
Fernando Bordeu,tt0100275
Anthony Harrison,tt0137204
C. Ernst Harth,tt0137204
Ellie Harvie,tt0137204
Chilton Crane,tt0137204
Ron Chartier,tt0137204
Dmitry Chepovetsky,tt0137204
Bruce Dawson,tt0137204
Rheta Hutton,tt0137204
Ivan Krapic,tt0137204
Johannah Newmarch,tt0137204
Tama Soble,tt0269768
Brian MacDonald,tt0269768
Jeffery Aarles,tt0269768
Richard Pochinko,tt0269768
Callum Turner,tt0460890
Kate Beckinsale,tt0460890
Pierce Brosnan,tt0460890
Cynthia Nixon,tt0460890
Jeff Bridges,tt0460890
Kiersey Clemons,tt0460890
Tate Donovan,tt0460890
Wallace Shawn,tt0460890
Anh Duong,tt0460890
Debi Mazar,tt0460890
Alicia Vikander,tt0491203
Dane DeHaan,tt0491203
Jack O'Connell,tt0491203
Holliday Grainger,tt0491203
Tom Hollander,tt0491203
Matthew Morrison,tt0491203
Kevin McKidd,tt0491203
Douglas Hodge,tt0491203
Joanna Scanlan,tt0491203
Zach Galifianakis,tt0491203
Matt Damon,tt0491175
Julianne Moore,tt0491175
Oscar Isaac,tt0491175
Noah Jupe,tt0491175
Steve Monroe,tt0491175
Gavin Wilde,tt0491175
Landon Gordon,tt0491175
Hope Banks,tt0491175
Karimah Westbrook,tt0491175
James Handy,tt0491175
Matilda Anna Ingrid Lutz,tt0498381
Alex Roe,tt0498381
Johnny Galecki,tt0498381
Vincent D'Onofrio,tt0498381
Aimee Teegarden,tt0498381
Bonnie Morgan,tt0498381
Se Oh,tt0498381
Patrick Walker,tt0498381
Zach Roerig,tt0498381
Laura Wiggins,tt0498381
Gladys Florence,tt0825334
Gladys Rose,tt0825334
Tom Troupe,tt0825334
Frank Leboeuf,tt0825334
Domiziano Arcangeli,tt0825334
Peter Kiedrowski,tt0825334
Andrea Grassi,tt0825334
Ettore Belmondo,tt0825334
Matteo Sapio,tt0825334
Marzia Ciacci,tt0825334
Rosario Dawson,tt0835802
Nick Robinson,tt0835802
Tip 'T.I.' Harris,tt0835802
Grant Gustin,tt0835802
Felicity Huffman,tt0835802
William H. Macy,tt0835802
Jacob Latimore,tt0835802
Rick Fox,tt0835802
William Fichtner,tt0835802
Kathy Bates,tt0835802
John Huston,tt0069049
Oja Kodar,tt0069049
Peter Bogdanovich,tt0069049
Susan Strasberg,tt0069049
Norman Foster,tt0069049
Robert Random,tt0069049
Lilli Palmer,tt0069049
Edmond O'Brien,tt0069049
Mercedes McCambridge,tt0069049
Cameron Mitchell,tt0069049
Cheryl M. Lynn,tt0192528
Chase Nash,tt0192528
Burt Ward,tt0192528
Dean Simone,tt0192528
Robert Bernard Nello,tt0192528
Patrick Wright,tt0192528
Bill Collard,tt0192528
Charles Dierkop,tt0192528
Mike Nyman,tt0192528
Carl Gilliard,tt0192528
Richard Bradford,tt0276568
Ron Randell,tt0276568
Anton Rodgers,tt0276568
Norman Rossington,tt0276568
Yôko Tani,tt0276568
Saswata Chatterjee,tt0328810
Nandita Das,tt0328810
Kaushik Sen,tt0328810
Asit Basu,tt0328810
Asit Basu,tt0328810
Shibani Bhattachariya,tt0328810
Barun Chakraborty,tt0328810
Bibhas Chakraborty,tt0328810
Nimai Lahiri,tt0328810
Arun Mukherjee,tt0328810
Michael B. Jordan,tt0360556
Aaron Davis,tt0360556
Cindy Katz,tt0360556
Michael Shannon,tt0360556
Mayko Nguyen,tt0360556
Dylan Taylor,tt0360556
Saad Siddiqui,tt0360556
Katherine Cullen,tt0360556
Edsson Morales,tt0360556
Jordan Baker,tt0360556
Sanaa Lathan,tt0365545
Ricky Whittle,tt0365545
Lyriq Bent,tt0365545
Lynn Whitfield,tt0365545
Ernie Hudson,tt0365545
Daria Johns,tt0365545
Camille Guaty,tt0365545
Brittany S. Hall,tt0365545
Terry Serpico,tt0365545
Jen Harper,tt0365545
Aaron Taylor-Johnson,tt0427543
Billy Bob Thornton,tt0427543
Odessa Young,tt0427543
Giovanni Ribisi,tt0427543
Juliette Lewis,tt0427543
Dash Mihok,tt0427543
Charles Parnell,tt0427543
Ryan Hurst,tt0427543
David Dastmalchian,tt0427543
Tom Amandes,tt0427543
Ève Francis,tt0011216
Gabriel Gabrio,tt0011216
Jean Toulout,tt0011216
Gaston Modot,tt0011216
Anna Gay,tt0011216
Robert Delsol,tt0011216
Shanshan Chang,tt0083060
Bichuan Guo,tt0083060
Yunhui Jiang,tt0083060
Ping Li,tt0083060
Jun Lu,tt0083060
Geraldine O'Rawe,tt0116991
Eva Marie Saint,tt0116991
Alex Appel,tt0116991
Nancy Beatty,tt0116991
Rutger Hauer,tt0116991
John Mahoney,tt0116991
Mary McDonnell,tt0116991
Cara Pifko,tt0116991
Leigh Taylor-Young,tt0116991
Megan Banning,tt0116991
Tianliu Jiang,tt0339917
Guiling Wang,tt0339917
Ming Wen,tt0339917
Yinyan Wu,tt0339917
Dan Zhao,tt0339917
Edward Norton,tt0385887
Gugu Mbatha-Raw,tt0385887
Alec Baldwin,tt0385887
Willem Dafoe,tt0385887
Bruce Willis,tt0385887
Ethan Suplee,tt0385887
Cherry Jones,tt0385887
Bobby Cannavale,tt0385887
Dallas Roberts,tt0385887
Josh Pais,tt0385887
Travis Fimmel,tt0441881
Toby Blome,tt0441881
Alexander England,tt0441881
Aaron Glenane,tt0441881
Uli Latukefu,tt0441881
Rihari Te Are,tt0441881
Luke Bracey,tt0441881
Sean McCarthy,tt0441881
Mojean Aria,tt0441881
Ryan Hance,tt0441881
Sebastian Stan,tt0783640
Alison Sudol,tt0783640
Asher Miles Fallica,tt0783640
LisaGay Hamilton,tt0783640
Bradley Whitford,tt0783640
William Hurt,tt0783640
Linus Roache,tt0783640
Jeremy Irvine,tt0783640
Christopher Plummer,tt0783640
Diane Ladd,tt0783640
Rubén Sotoconil,tt0062336
Claudia Paz,tt0062336
Luis Alarcón,tt0062336
Shenda Román,tt0062336
Luis Vilches,tt0062336
Delfina Guzmán,tt0062336
Alonso Venegas,tt0062336
Sergio Hernández,tt0062336
Chamila Rodríguez,tt0062336
Néstor Cantillana,tt0062336
Melanie Abdoun,tt0383477
Dionne Alexander,tt0383477
Jay Amari,tt0383477
Mark Balet,tt0383477
Gloria Barnes,tt0383477
April Barton,tt0383477
Christopher Batyr,tt0383477
Hod Berman,tt0383477
William Christian,tt0383477
Drena De Niro,tt0383477
Abbi Lake O'Neill,tt0446792
Jay Huguley,tt0446792
Robert Walden,tt0446792
Ken Kercheval,tt0446792
Diana Cignoni,tt0446792
Valarie Pettiford,tt0446792
Ezra Cruz,tt0446792
Roshawn Franklin,tt0446792
Jacques Landry,tt0446792
Connie Roberson,tt0446792
Cary-Hiroyuki Tagawa,tt0849437
Quinton 'Rampage' Jackson,tt0849437
Hector Echavarria,tt0849437
Isaac C. Singleton Jr.,tt0849437
Eric Laciste,tt0849437
Garret Sato,tt0849437
Kylee Lehe,tt0849437
Rigan Machado,tt0849437
Sam Sarpong,tt0849437
Nicole Sherwin,tt0849437
Alexandra Daddario,tt0920462
Takehiro Hira,tt0920462
Carice van Houten,tt0920462
Andrew Rothney,tt0920462
Misuzu Kanno,tt0920462
Yasunari Takeshima,tt0920462
Kate Easton,tt0920462
Haruka Imô,tt0920462
Yu Mizuhara,tt0920462
Mariko Tsutsui,tt0920462
Katsuma Miyagi,tt0228802
Tomi Taira,tt0228802
Misako Ôshiro,tt0228802
John Francis Daley,tt0326716
Austin Pendleton,tt0326716
Kevin Rosendo,tt0326716
Colleen Camp,tt0326716
Neil Flynn,tt0326716
Steve Coulter,tt0326716
Emmi Chen,tt0326716
Katie Jeep,tt0326716
Justin Mentell,tt0326716
Gwen Kmiec,tt0326716
Amitabh Bachchan,tt0346172
Arshad Warsi,tt0346172
Karisma Kapoor,tt0346172
Anupam Kher,tt0346172
Shivaji Satam,tt0346172
Sharat Saxena,tt0346172
Fatima Sana Shaikh,tt0346172
Prakash Raj,tt0346172
Satya Prakash,tt0346172
Ayub Khan,tt0346172
Gael García Bernal,tt0818543
Kiersey Clemons,tt0818543
Jonathan Sachar,tt0840306
Irene Bedard,tt0840306
Rider Strong,tt0840306
Michael Madsen,tt0840306
Taboo,tt0840306
Ricardo Chavira,tt0840306
Wes Studi,tt0840306
Seymour Cassel,tt0840306
Kevin Gage,tt0840306
Lindsay Price,tt0840306
Michael B. Jordan,tt0995854
Chanté Adams,tt0995854
Jalon Christian,tt0995854
Robert Wisdom,tt0995854
Tamara Tunie,tt0995854
Jasmine Batchelor,tt0995854
Marchánt Davis,tt0995854
Susan Pourfar,tt0995854
Vanessa Aspillaga,tt0995854
Grey Henson,tt0995854
Dubravka Kovjanic,tt10003618
Stefan Trifunovic,tt10003618
Katarina Dimic,tt10003618
Anja Djordjevic,tt10003618
Olga Odanovic,tt10003618
Konstantin Ilin,tt10003618
Milica Grujicic,tt10003618
Slaven Doslo,tt10003618
Nikola Rakocevic,tt10003618
Nada Sargin,tt10003618
Paul Agusta,tt10011002
Farell Akbar,tt10011002
Tubagus Ali,tt10011002
Arzendra Arzendra,tt10011002
Putri Ayudya,tt10011002
Bisma Bisma,tt10011002
Bernadette Bonita,tt10011002
Dan Daniel,tt10011002
Salvita Decorte,tt10011002
Egy Fedly,tt10011002
