,0
0,"Se forma un triángulo amoroso cuando un hombre descubre que su mejor amigo se ha casado con su ex prometida, desatando un enredo de amor, traición y emociones encontradas."
1,"Tras encontrar la medalla Shaolin de su abuelo, Braulio se ve envuelto con gángsters mexicanos que perturban su paz. Manejará este lío a la antigua usanza - pero su mayor rival es la más mortífera belleza de kung fu de China."
2,"En Los Ángeles, un ex convicto toma por asalto el mundo clandestino de la lucha en su búsqueda por cumplir una promesa a un amigo muerto."
3,"En Antártica, el sol está a punto de ponerse para los próximos seis meses y la marshal Carrie Stetko da caza a un asesino."
4,"While at camp, Alex Sterling and his friends have stumbled upon an old journal left behind by his deceased grandfather where they learn of the existence of a legendary medallion believed to have originally belonged to the Biblical King Solomon. Many adventures follow as they unco... Leer todo"
5,"Cuando un androide réplica de un niño es rechazado por su afligido creador, sale a buscar su propia identidad en una aventura que lo convertirá en el mayor héroe de su tiempo."
6,"En 1985, donde existen antiguos superhéroes, el asesinato de un colega envía al activo vigilante Rorschach a su propia investigación, descubriendo algo que podría cambiar completamente el curso de la historia tal y como la conocemos."
7,"Cuando Harry Potter empieza su sexto año en Hogwarts, descubre un viejo libro marcado como propiedad del príncipe mestizo y comienza a aprender más sobre el oscuro pasado de Lord Voldemort."
8,"When a female assassin is sent to the US to kill the last living heir to the modern day Himalayan Kingdom, royal solider is also sent to protect her. When he is face to face with the assassin his duty to the Kingdom becomes compromised. As they battle, secrets are uncovered and t... Leer todo"
9,Jin Kazama es testigo de la muerte de su madre Jun por parte de Tekken.
10,"When three Vegas buddies attempt the score of a lifetime, they have to walk a fine line between their girlfriends who want their heads, and the mobsters who want them dead."
11,"Un grupo de veteranos de la guerra de Irak busca limpiar su nombre ante el ejército estadounidense, que sospecha que los cuatro hombres han cometido un crimen por el que fueron incriminados."
12,The Brazilian Government leads Latin American countries in the fight against drug cartels. In response drug cartels start a series of attacks against Brazil's cities and natural resources. Their first target is the Amazon Forest.
13,Scott Pilgrim debe derrotar a los malévolos siete ex novios de su nueva novia para ganar su corazón.
14,"When a San Francisco detective goes hunting for the cruel Asian crime figure who killed his partner, he finds himself thrown into the center of a violent plot to steal a terrorist weapon. Ty Nelson is a detective haunted by the violent death of his partner at the hands of Choy Mu... Leer todo"
15,"As this caper unfolds you will experience cool riffs, tattoos, excessive drug use, brief nudity, extremely strong language, mayhem, murder and a hail of gunfire."
16,"Puli, a brave police officer, is appointed as the special police officer in PM's security. Soon, he gets into a brawl with Al Saleem, only to realise that Saleem is responsible for his father's death."
17,"Jonathan, an electronics expert and spy, is hired to track a beautiful woman with a harrowing past. Little does he know that this will be an assignment like no other. As he carries on with his surveillance, he cannot ignore that his feelings are growing for this woman, his ""targe... Leer todo"
18,"Una nave espacial llega a Arizona, en 1873, para apoderarse de la Tierra, empezando por la región del salvaje Oeste. Una cuadrilla de vaqueros y nativos es lo único que se interpone en su camino."
19,"En un futuro próximo, el boxeo con robots es un deporte de primera línea. Un exboxeador en apuros cree haber encontrado un campeón en un robot desechado."
20,"Steve Rogers, un soldado rechazado, se transforma en Capitán América tras tomar una dosis de suero del súper soldado. Pero ser Capitán América tiene un precio cuando intenta acabar con un traficante de armas y una organización terrorista."
21,"This action packed Hip-Hop drama explores the life of Oscar Hernandez, a handsome Latino ex-gang member who sets forth to land a recording contract and make a name for himself in the cut-throat hip hop business with the help of his crew. When a chance encounter with the owner of ... Leer todo"
22,Un sicario de élite enseña su oficio a un aprendiz que tiene una conexión con una de sus anteriores víctimas.
23,Un grupo de trabajadores descubre que su jefe les ha timado y conspiran para robarle en su casa.
24,"En el siglo XIV, unos caballeros transportan a una presunta bruja a un monasterio, donde los monjes deducen que sus poderes podrían ser el origen de la peste negra."
25,The evil Brand X joins a supermarket that becomes a city after closing time.
26,"Transportado a Barsoom, un veterano de la Guerra Civil descubre un planeta estéril aparentemente habitado por bárbaros de más de 3 metros de altura y una princesa que necesita desesperadamente un salvador."
27,"Clutch is the story of a struggling race car driver who puts it all on the line. He risks his life, friends, and freedom when he takes a wrong turn in his attempts to support his racing."
28,"Un grupo de pilotos afroamericanos en el programa de entrenamiento de Tuskegee, que se enfrentaron a la segregación mientras permanecían sobre el terreno durante la Segunda Guerra Mundial, son llamados al servicio bajo la dirección del Coronel A.J. Bullard."
29,Un investigador de homicidios investiga el caso de un francotirador militar que disparó a cinco personas al azar.
30,Un hombre maldito cuyas víctimas regresan de entre los muertos recluta a un joven guerrero para que lo ayude a luchas contra esta horda de zombis.
31,Los héroes más poderosos de la Tierra deben unirse y aprender a luchar en equipo si quieren evitar que Loki y su ejército alienígena esclavicen a la humanidad.
32,"Adaptación de una serie británica de los 70, que sigue la historia de una pareja de policías de Londres, el detective Jack Regan y su leal compañero George Carter."
33,"Han pasado catorce años desde el casi tercer impacto. La mayor parte del mundo ha cambiado, excepto Shinji Ikari, quien despierta en un entorno nuevo y extraño sin haber envejecido."
34,"Después de que Peter Parker sea mordido por una araña genéticamente alterada, adquiere poderes arácnidos y se aventura a salvar la ciudad de las maquinaciones de un misterioso enemigo reptiliano, el Lagarto."
35,"When famous DJ Alan Partridge's radio station is taken over by a new media conglomerate, it sets in motion a chain of events which see Alan having to work with the police to defuse a potentially violent siege."
36,"A young by-the-book detective gets partnered with a seasoned, renegade undercover cop to solve a brutal gangland murder."
37,"Una expedición multinacional descubre una ciudad perdida debajo de una pirámide, donde deben evitar que los Dioses despertados del antiguo Egipto inicien el Apocalipsis."
38,Un niño alienígena es evacuado de su mundo moribundo y enviado a la Tierra para vivir entre los humanos. Su paz se ve amenazada cuando otros supervivientes de su planeta natal invaden la Tierra.
39,Un policía recientemente asesinado se une a un equipo de policías no muertos que trabajan para el R.I.P.D. y trata de encontrar al hombre que lo asesinó.
40,"Gerry Lane, antiguo empleado de las Naciones Unidas, recorre el mundo en una carrera contrarreloj para detener una pandemia zombi que está derribando ejércitos y gobiernos y amenaza con destruir a la humanidad."
41,Religious conspiracy collides with urban crime in a story told from multiple perspectives.
42,Una adolescente se encuentra transportada a las profundidades de un bosque donde tiene lugar una batalla entre las fuerzas del bien y las fuerzas del mal. Se une a un grupo de personajes curiosos para salvar su mundo y el nuestro.
43,"Un padre va de incógnito para la DEA con el fin de liberar a su hijo, que fue encarcelado después de que le tendieran una trampa en un negocio de drogas."
44,No disponible
45,El investigador privado Matthew Scudder es contratado por un capo de la droga para averiguar quién secuestró y asesinó a su esposa.
46,"In order to escape crime and clutches of a ruthless mafia, a Bangkok based hit man seeks the help of his lookalike, a Mumbai based goon."
47,"Un hombre cree que ha dejado su misterioso pasado atrás y que puede llevar una nueva vida en paz. Pero cuando conoce a una joven bajo el control de gánsteres rusos ultra-violentos, no puede quedarse de brazos cruzados - tiene que ayudarla."
48,Los caminos de algunos de los habitantes más duros de Sin City se cruzan con los de algunos de los más despreciables.
49,No disponible
50,"A suburban woman witnesses her husbands murder, and decides to seek revenge in a 24 hr period. Along the way, Polly O'Bannon finds others who share her taste for revenge in the Pinelands of South Jersey."
51,"Ante la amenaza de los turcos a su reino, el joven príncipe Vlad Tepes debe convertirse en un monstruo temido por su propio pueblo para obtener el poder necesario para proteger a su propia familia, y a las familias de su reino."
52,"El mundo se ve acosado por la aparición de criaturas monstruosas, pero una de ellas puede ser la única que salve a la humanidad."
53,A chronicle of the life of furniture salesman turned bank robber Eddie Dodson.
54,"Un nuevo parque temático, construido en el emplazamiento original de Jurassic Park, crea un dinosaurio híbrido modificado genéticamente, el Indominus rex, que escapa a la contención y se lanza a la matanza."
55,"El ladrón de guante blanco Scott Lang, equipado con un súper traje con la asombrosa capacidad de reducir el tamaño pero aumentar la fuerza de quien lo lleva, debe aceptar a su héroe interior y ayudar a su mentor, el Dr. Hank Pym, a planear y llevar a cabo un atraco que salvará al... Leer todo"
56,A Moviegoer kills an annoying moviegoer.
57,A grief-stricken cop and an amputee grandmaster are brought together by a peculiar twist of fate as part of a wider conspiracy that has darkened their lives.
58,A police officer enlists help of a dancer and a jailed comrade to stop an evil mastermind to destroy India apart.
59,"Cuando una misteriosa señal de teléfono celular provoca un caos apocalíptico, un artista está decidido a reunirse con su pequeño hijo en Nueva Inglaterra."
60,"Mientras una horda de orcos invade el planeta Azeroth utilizando un portal mágico, unos pocos héroes humanos y orcos disidentes deben intentar detener al verdadero mal que hay detrás de esta guerra."
61,Una bandada de niños alados monta un plan de rescate cuando los niños-lobos secuestran a su miembro más joven y la devuelven a la institución militarizada que los creó a todos.
62,"Tarzán, tras acostumbrarse a vivir en Londres, regresa a su hogar en la jungla para investigar las actividades mineras en la zona."
63,"Cuando un piloto se estrella y habla de un conflicto en el mundo exterior, Diana, una guerrera amazona en formación, deja su hogar para luchar en la guerra, descubriendo sus plenos poderes y su verdadero destino."
64,"Un agente novato forma equipo con un curtido profesional de la Patrulla de Carreteras de California, pero pronto se entera de que en realidad es un federal encubierto que investiga un atraco en el que podrían estar implicados policías."
65,"Impulsado por su restaurada fe en la humanidad e inspirado por el acto desinteresado de Superman, Bruce Wayne consigue la ayuda de su recién encontrada aliada, Diana Prince, para enfrentarse a un enemigo aún mayor."
66,No disponible
67,No disponible
68,its political journey of Malhar Shinde.
69,"Based on the stories by Stan Lee and Steve Ditko - Peter Parker is on a mission to track down the man who murdered his uncle. Now, thanks to a radioactive Spider, Peter has gained extraordinary abilities."
70,"A lone shark bounty hunter pits himself against secret agents from three countries. The prize: a million bucks in cash for vital state secrets. A little talky in spots, but overall not bad. Color. 16mm."
71,"After a long journey through the harsh desert, a young woman finds herself suddenly alone, and in the enemy's sights."
72,"In Russia's revolution, a violinist 's son dies,the father is jailed for assaulting the governor. Years later, the violinist's daughter wants to marry the son of the man who sentenced her father.A tragic fate awaits her new husband."
73,Una historia llena de acción sobre el viaje de autodescubrimiento de una joven que quiere descubrir la verdad sobre quién es y luchar para cambiar el mundo.
74,"En agosto de 1966, en una plantación de caucho vietnamita llamada Long Tan, 108 soldados jóvenes y en su mayoría sin experiencia que vienen de Australia y Nueva Zelanda luchan por sus vidas contra 2500 soldados del Viet Cong."
75,"Todo el mundo lleva un superhéroe en su interior, solo se necesita un poco de magia para sacarlo. En el caso de Billy Batson, un joven huérfano de 14 años, con tan solo pronunciar la palabra Shazam se convierte en un superhéroe adulto."
76,Two roommates have a disagreement about a Skillet
77,"1967 China, A young boy (Dax) is left to survive on his own in the middle of no were, after his missionary parents were murdered by rebels. He is found and Raised by a Shawling Temple Monk and becomes skilled in Martial arts. 25 Years later, in Los Angeles he meets a long time fr... Leer todo"
78,A surf-skate action-thriller about five best friends who set out on a road trip that quickly turns into an epic battle for survival.
79,"El Sr. Roarke hace realidad los sueños de sus huéspedes. Sin embargo, cuando todo se convierte en una pesadilla, los invitados tienen que resolver el misterio de la isla para poder escapar con vida."
80,Two guys decide to become bloggers. In order to get views and likes they take some experimental military pills which deprive them of any sense of pain. But it goes too far.
81,"La compañía de los lobos es la mejor que la del hombre. Érase una vez en una época de locos, una mujer conoce a un hombre."
82,"El joven luchador Cole Young, ajeno a su propia historia, busca a los mayores campeones de la Tierra para junto a ellos plantar cara a los enemigos de Outworld en una batalla de envergadura universal."
83,"John Clark, un SEAL de la Marina, emprende un camino para vengar el asesinato de su esposa solo para encontrarse dentro de una conspiración más grande."
84,"La frontera occidental ha resurgido y, como en el pasado, un héroe responderá al grito de justicia del pueblo."
85,"Basada en la atracción del parque temático Disneyland, en la que una pequeña embarcación fluvial lleva a un grupo de viajeros a través de una selva llena de animales y reptiles peligrosos, pero con un elemento sobrenatural."
86,"Tras un brote zombi en Las Vegas, un grupo de mercenarios se arriesga a adentrarse en la zona de cuarentena para dar el golpe de sus vidas."
87,"A desperate actor becomes a vampire and uses his new powers to land a movie role and the girl, but then must choose between life and the undead."
88,"After his son witnesses a brutal murder by a notorious crime boss, a deaf Indonesian gangster is thrust into the fight of his life when he takes on his dangerous former allies, including a sociopath assassin, in order to protect his child."
89,"Earth: 65 Million Years ago. The evil Argor Zordak visit the blue Planet searching after animals for his evil experiments. Planet Earth today: A Group of Students, Eva Melas , Anna S. Madres and Tour Guide Biff Wilson follows Joseph Miles into the Cave, but you will not believe w... Leer todo"
90,No disponible
91,"Vetrivel, a young man who believes rising rivalries are essential to succeed in life, finds himself in deep trouble when his girlfriend is abducted by his enemies."
92,"Legends collide as young Yuda wrestles with his newfound godlike powers, defending his world in an endless battle against ancient and powerful evils."
93,Las aterradoras experiencias y la angustia de un joven soldado alemán en el frente occidental durante la Primera Guerra Mundial.
94,"Tras robar millones en efectivo del escondite de drogas del sádico jefe mafioso Temple, un ladrón encuentra un pasajero de polizón en su coche."
95,"Elvis being Stalked again for real, based on True Events... A beautiful Japan girl in CHINA falls in LOVE with Elvis on the internet. Not having enough money to travel to USA - Hollywood, California, Miss Igetu Soun sneaks into someones suitcase at the airport and arrives at LAX.... Leer todo"
96,"Flash, el héroe más rápido, viaja a una línea temporal en que la Tierra está en crisis y sus héroes perdidos o dispersados."
97,"El adolescente Billy Batson, que al recitar la palabra mágica ""¡SHAZAM!"" se transforma en su alter ego de superhéroe adulto, Shazam."
98,"A drama, which explores unknown earths of the DC Universe."
99,"Candace se marcha del norte de Nueva Jersey a Miami, Florida, para escapar de la violencia y la pobreza; pronto se encuentra luchando por su vida en una pesadilla de paletos."
100,"Ambientada en los proyectos de vivienda de Nueva Jersey. Un joven que solo ha conocido la pobreza y el abuso toda su vida, sufre un colapso mental y se embarca en una ola de asesinatos como ninguna otra en la historia."
101,"It's out of the frying pan and into the fire for our heroes as they discover the truth behind Project Slasher House and H.E.X.A.G.O.N. where Red makes her last stand against an army of Government ops and NEW deadlier killers, the truth will finally be revealed."
102,Two missions taking place simultaneously in different decades where both C.I.S. Agents going under the alias Clank went up against the dangerous crime lord known as Goldscar.
103,"At the 1971 International Film Festival of Belgrade, Yugoslav director Karpo Acimovic-Godina instructed seven other directors to shoot less than three minutes of film footage inside a bedroom with static shots that contained the phrase ""I Miss Sonja Henie"". This film is the resul... Leer todo"
104,"To escape the oppressive hyperactivity of his gynecologist father, Dani, 19-year-old student at the Medical University of Budapest, travels to France to his musician uncle. A vision of adolescence and father-son-women relationship filled with humour and human touches. This movie ... Leer todo"
105,No disponible
106,"A comedy about relationships. A just-divorced couple, the wife's lover; a convicted criminal, his pregnant wife and his best friend; the economy minister and his secret lover; all parties are under stress in a hostage situation and surrounded by uncoordinated police troops."
107,"""Railed"" blurs the line between reality and fiction, taking place on a cross-country train trip from Los Angeles to New York. Passengers, unaware, become the stars and plot of the film."
108,"Tras encontrar la medalla Shaolin de su abuelo, Braulio se ve envuelto con gángsters mexicanos que perturban su paz. Manejará este lío a la antigua usanza - pero su mayor rival es la más mortífera belleza de kung fu de China."
109,No disponible
110,"Slacker Dino Rado, and his uptight partner, Steven Scheere made a bad investment. They borrowed money to fund a ""B"" movie that flopped big time and now the Jamaican Mob wants it's money back. As a last resort they steal and idea from a screenplay to cast unsuspecting actors to pu... Leer todo"
111,"Cuando un androide réplica de un niño es rechazado por su afligido creador, sale a buscar su propia identidad en una aventura que lo convertirá en el mayor héroe de su tiempo."
112,"Awakening from a near fatal overdose, Chris embraces a second chance at life. Required to enroll into a 12-Step Program, and mandated to state psychiatrist appointments, Chris is forced to revisit his chaotic past; a history that revolves around his friend Ande and her autistic b... Leer todo"
113,No disponible
114,"Nick Anderson, Kevin Daniels, and Tracey Green do everything together. They are the best of friends, and yet they couldn't be more different. Neighbors from adolescence, they finish each other's thoughts and sentences, joys and pains, happiness and tears. Using Nick's house as th... Leer todo"
115,"La joven Rapunzel, de pelo largo y mágico, ha pasado toda su vida en una torre, pero ahora que un ladrón fugitivo ha tropezado con ella, está a punto de descubrir el mundo por primera vez, y quién es en realidad."
116,"When three Vegas buddies attempt the score of a lifetime, they have to walk a fine line between their girlfriends who want their heads, and the mobsters who want them dead."
117,Un grupo de personas se reúne periódicamente para cenar acompañados de la persona más idiota que conozcan.
118,"Los juguetes terminan por error en una guardería en lugar del ático de Andy, justo antes que este se vaya a la universidad. Ahora dependerá de Woody convencer a los otros juguetes de que no fueron abandonados y regresar a casa."
119,"Frustrated filmmaker, Barry Lick, and a crew of film school wannabees, attempt to make a documentary about a local businessman who he believes is involved in property rackets, prostitution, pornography and drugs."
120,Scott Pilgrim debe derrotar a los malévolos siete ex novios de su nueva novia para ganar su corazón.
121,"El periodista estadounidense Paul Kemp trabaja como freelance en Puerto Rico para un periódico local durante la década de 1960, mientras lucha por encontrar un equilibrio entre la cultura de la isla y los expatriados que viven allí."
122,"Separados por una valla de jardín y una enemistad, hay gnomos azules de un lado y gnomos rojos del otro. Esto no impide que el Gnomeo azul y la Julieta roja se enamoren. ¿Tienen un futuro juntos?"
123,No disponible
124,"A washed up Vegas lounge singer, Jack Satin (Hamilton von Watts), has no money, no job, and delusional aspirations of fame. When Jack is forced to leave Vegas, he packs up his old Cadillac and hits the road for Atlantic City. But his car dies in the desert and Jack is left strand... Leer todo"
125,"Un gato forajido, su amigo de la infancia y una seductora gatita ladrona, parten en busca de los huevos de oro de una legendaria gansa para limpiar su nombre, restaurar su honor perdido y recuperar la confianza de su madre y del pueblo."
126,A chronicle of the rise of the advertising industry in Post-Soviet Russia.
127,A Mexican crime lord is forced by his mother to plan a suicidal rescue mission to find his lost brother in the most unexpected place on Earth...
128,"A writer's mid-life crisis erupts while writing about the BDSM community. As he stumbles through this intriguing world, he realizes that sometimes reality and fantasy collide."
129,The evil Brand X joins a supermarket that becomes a city after closing time.
130,"Darren Fields (Darren Geare) gets stood up on the day of his wedding and uses his vacation tickets with his best friend, R.J. (R.J. Knoll), to spend his ""honeymoon"" at a Club Med-style resort."
131,"Mientras intentan salvar el orfanato de su infancia, Moe, Larry y Curly se topan sin querer con un complot de asesinato y terminan protagonizando un reality show televisivo."
132,"Un catalogador de arte decide vengarse de su jefe abusivo engañándolo para que compre un Monet falso, pero su plan requiere la ayuda de una excéntrica e impredecible reina de los rodeos de Texas."
133,A government's decree to freeze all bank accounts leaves a retired man with no alternative but to devise a sly way to get his money to survive.
134,Marcos and Beto meet when crashing a private New Year's Eve party and subsequently go on a three-day adventure.
135,"Rowan Vittles is an average American Teenager with a problem: his family is hooked on eating people! With the help of best friend Seth, and girlfriend Rellie, Rowan tries to detox off his Mom's high protein diet and escape the family 'business', but falls prey to the town Mortici... Leer todo"
136,"One evening in the mid-sixties, Rolf Anschütz, a chef who runs a small restaurant in a town called Suhl in the middle of the East German province of Thuringen offers his guests a unique and exotic meal - Japanese Sukiyaki. It was intent to be a surprise for some of his best custo... Leer todo"
137,"Después de estirar la verdad en un trato con un gurú espiritual, el agente literario Jack McCall encuentra un árbol Bodhi en su propiedad. Su aparición contiene una valiosa lección sobre las consecuencias de cada palabra que pronuncia."
138,The scandals and decadent lives of the 1920's greatest movie stars.
139,"Cuando está a punto de perder su trabajo, Walter pasa a la acción embarcándose en una aventura más extraordinaria que cualquier cosa que pudiera haber imaginado."
140,"Sketch comedy in the tradition of ""Kentucky Fried Movie"". Several TV commercial and movie parodies, sex, politics and crazy-humor sketches."
141,"When famous DJ Alan Partridge's radio station is taken over by a new media conglomerate, it sets in motion a chain of events which see Alan having to work with the police to defuse a potentially violent siege."
142,"Tras la destrucción de su cueva, una familia de cavernícolas debe recorrer un mundo fantástico desconocido con la ayuda de un ingenioso niño."
143,A dark comedy about one man's overreaction! Roma's (Anthony Michael Hall) perfect life unravels when his foreman goes missing and he chooses to fire the wrong guy.
144,"Un holgazán trama una idea de un millón de dólares. Pero, para llevarlo a cabo, tiene que aprender a confiar en su atractiva contraparte corporativa. Basado en la novela de Max Barry."
145,"Felix and Alexandra's tender marriage unravels after a devastating betrayal. The story travels on an international journey of discovery from New York City to Santorini, Greece while addressing this very question."
146,"Un mago veterano de Las Vegas intenta revivir su carrera después de que su compañero de toda la vida renuncie, lo echen de su actuación en el casino y un nuevo y provocador ""mago callejero"" le robe el protagonismo."
147,Un policía recientemente asesinado se une a un equipo de policías no muertos que trabajan para el R.I.P.D. y trata de encontrar al hombre que lo asesinó.
148,"Basada en espectáculos de variedades de los años 20 tales como 'Arco Iris', 'La feria de las hermosas', y 'Las maravillosas', todos ellos creados por Eulogio Velasco."
149,"This film was released originally in 1928. In 1948 it was released again with sound. The cinematographer, Harry Forbes, died on August 17th, 1939. The Fresh Lobster is a 6 minute gem."
150,"Windy Yee is a dimwitted actress desperately tries to land a big role in Director Martini's new movie, Hooker X."
151,"En Manhattan, una noche de inesperadas aventuras convierte a dos desconocidos en perfectos confidentes."
152,Cuatro personas se reúnen en Noche Vieja como un sucedáneo de familia para darse apoyo mutuo.
153,Un joven de dieciocho años que abandona la escuela secundaria y su amigo de veintisiete años comienzan a traficar marihuana a través de la frontera de Canadá para ganar dinero y sus vidas cambian para siempre.
154,"Un joven huérfano, criado por recolectores de basura que viven en cuevas subterráneas, intenta salvar a sus amigos de un malvado exterminador."
155,"El nieto de un legendario ladrón reúne a un equipo de criminales para robar un collar de Cleopatra que se divide en dos partes, con dos propietarios distintos, un aliado que se convirtió en un rival y un magnate del inframundo."
156,Las aventuras en el tiempo de un genio canino y su hijo adoptivo en sus intentos de reparar la brecha temporal que han creado.
157,"Young Doina has a car accident. In intensive care, the doctor, Vali, calls her time of death but discovers that the child she was carrying is still alive. Wishing to save its life, the doctor puts the mother on artificial life support."
158,"Passers-by is a constructivist, multiple, fragmented and cosmic film... a cinematographic Big Bang resulting from a thorough conception and edition work by Director Luis Aller. Passers-by exposes us to ephemeralness inside hundreds of human beings' lives in their particular evolu... Leer todo"
159,"Sweet and bitter comedy about urban life, Prozac Tango stages seven characters who will kill each other, cross paths, meet, miss each other and perhaps love each other."
160,"El ladrón de guante blanco Scott Lang, equipado con un súper traje con la asombrosa capacidad de reducir el tamaño pero aumentar la fuerza de quien lo lleva, debe aceptar a su héroe interior y ayudar a su mentor, el Dr. Hank Pym, a planear y llevar a cabo un atraco que salvará al... Leer todo"
161,"A dos semanas para su boda, un tipo tímido se ve envuelto en una estafa por parte de una empresa que brinda servicio de padrinos de boda."
162,No disponible
163,No disponible
164,No disponible
165,No disponible
166,No disponible
167,No disponible
168,No disponible
169,Un mediador del Hollywood de los años 50 trata de mantener a raya a las estrellas del estudio.
170,No disponible
171,"A rock & roll romantic comedy set in NYC about the pursuit of love, passion, and the meaning of life, all punctuated by an original, pulsating soundtrack and live performances by the all girl group MaxiTit."
172,"To get their parents back together, two clever siblings team up with their grandpa in a series of mischievous antics."
173,"The film revolves around the concept of soap opera. Its structure is based on the assumption that Chilean reality does not exist, but rather is an ensemble of soap operas."
174,Simple-minded Joseph Briteman breaks a golden rule of his 'life skills' program when he walks away unsupervised to rescue his long lost baby sister.
175,"Travis and Whitney visit their grandparents and stumble upon the evil plan of a greedy land developer. Travis falls through a magical portal which transports him to the world of American hero, Paul Bunyan and his pet ox, Babe."
176,"Mientras una comunidad suburbana de los años 50 se autodestruye, un allanamiento de morada tiene siniestras consecuencias para una familia aparentemente normal."
177,"Un agente novato forma equipo con un curtido profesional de la Patrulla de Carreteras de California, pero pronto se entera de que en realidad es un federal encubierto que investiga un atraco en el que podrían estar implicados policías."
178,No disponible
179,"Violet Jones, cansada de esperar a que su novio de mucho tiempo le proponga matrimonio, rompe con él. Pero antiguos sentimientos, y sin duda un montón de celos, surgen cuando pronto comienza a salir con otra mujer."
180,"Todo el mundo lleva un superhéroe en su interior, solo se necesita un poco de magia para sacarlo. En el caso de Billy Batson, un joven huérfano de 14 años, con tan solo pronunciar la palabra Shazam se convierte en un superhéroe adulto."
181,La historia de cómo Mötley Crüe llegó a ser uno de los grupos de rock'n roll más conocidos de la historia.
182,"Kate McCarthy, a former teen sitcom star who trashed her life through drug abuse, is forced to live, fresh out of rehab, on the one remaining piece of property her business manager, Charlie, has kept out of foreclosure - a run-down apartment building in east L.A. With her one rem... Leer todo"
183,"A finales de 1967, un pequeño huérfano se va a vivir con su abuela a Demopolis, un pueblo de Alabama. El niño y su abuela tienen extraños encuentros con brujas aparentemente glamurosas, pero absolutamente diabólicas."
184,Olka debe viajar a Irlanda para traer el cuerpo de su padre de regreso a Polonia después de que murió trabajando en un sitio de construcción.
185,Two Social Media influencers are dieing to try the new RED NIGHT challenge. Will they be successful or will they end up a victim of social insecurity?
186,"Super spy Nick must stop evil multimillionaire Quentin Frosst from selling a top secret formula on a stolen microchip, to one of two enemy government villains, all while trying to win the heart of Frosst's sister, Carmel."
187,"Away at college, Nick and his roommate, Brock, get involved in campus politics and a campaign to save an old clubhouse. However, the sequence of events may be more than they can handle, with dire consequences."
188,"La épica historia de Pat Johnson, un aspirante director de cine alienado, sobre su infancia en la Illinois rural, su enamoramiento y su conversión en el primer fan de la película que lo cambió todo."
189,"Basada en la atracción del parque temático Disneyland, en la que una pequeña embarcación fluvial lleva a un grupo de viajeros a través de una selva llena de animales y reptiles peligrosos, pero con un elemento sobrenatural."
190,No disponible
191,No disponible
192,"Miguel, a typecast downcast actor, is only seen for his size and intimidation while he's on auditions. While reflecting on his plight, he discovers his problem: he doesn't have a name for himself. Through song and dance, he and a group of typecast auditionees dream of what life w... Leer todo"
193,No disponible
194,La historia de un productor y dos modelos masculinos que sincronizaban los labios y que venderían millones de discos y ganarían un Grammy antes de que se descubriera su estafa.
195,"Laal Singh Chaddha, un hombre sencillo cuyo extraordinario viaje te llenará de amor, calor, felicidad y también te hará reír."
196,No disponible
197,"Billy and Jay, friends since kids and now beat down with life, go on an adventure to track down Billy's original NES gaming system in order to play it one more time."
198,A lone man with the Christmas Spirit trapped in his head must kidnap a teenage girl in order to save Christmas.
199,Un toque moderno de Cenicienta ambientado en la cultura Sneaker de la ciudad de Nueva York.
200,"A newly single guy meets an offbeat girl after posting his dating manifesto online. As the two spend a weekend together in a pretend relationship, a connection grows that may complicate their real lives."
201,"El adolescente Billy Batson, que al recitar la palabra mágica ""¡SHAZAM!"" se transforma en su alter ego de superhéroe adulto, Shazam."
202,No disponible
203,No disponible
204,A light comedy about a good-for-nothing boy who falls in love with a studious girl from a conservative family. Thus the funny conflict and situations that pop up.
205,"La vida de Marinette se vuelve sobrehumana cuando se convierte en Ladybug. Dotada con los poderes mágicos de la creación, Ladybug debe unirse a su opuesto, Cat Noir, para salvar París cuando un villano desata el caos en la ciudad."
206,No disponible
207,Sigue a una niña que pasa por una experiencia difícil y entonces empieza a ver a los amigos imaginarios de todo el mundo que se han quedado atrás cuando sus amigos de la vida real han crecido.
208,No disponible
209,"To escape the oppressive hyperactivity of his gynecologist father, Dani, 19-year-old student at the Medical University of Budapest, travels to France to his musician uncle. A vision of adolescence and father-son-women relationship filled with humour and human touches. This movie ... Leer todo"
210,"Se forma un triángulo amoroso cuando un hombre descubre que su mejor amigo se ha casado con su ex prometida, desatando un enredo de amor, traición y emociones encontradas."
211,Jack and Jill rob a bank and end up on the road with their contact and a sexy vixen on the run from the law.
212,"""Railed"" blurs the line between reality and fiction, taking place on a cross-country train trip from Los Angeles to New York. Passengers, unaware, become the stars and plot of the film."
213,"Una aventurera niña de 11 años encuentra otro mundo que es una versión extrañamente idealizada de su frustrante hogar, pero que tiene siniestros secretos."
214,Moksha sees a painting of her in an art gallery and goes on a surreal journey looking for the artist who created her.
215,"En Los Ángeles, un ex convicto toma por asalto el mundo clandestino de la lucha en su búsqueda por cumplir una promesa a un amigo muerto."
216,"En la Francia ocupada por los nazis durante la Segunda Guerra Mundial, un plan para asesinar a los líderes nazis por parte de un grupo de soldados judíos estadounidenses coincide con los planes vengativos de la dueña de un cine."
217,"Una pequeña caja de madera llega a la puerta de un matrimonio que sabe que si la abren ganarán un millón de dólares, y una persona a la que desconocen morirá."
218,"Una enfermera obesa y solitaria, que trabaja en la sala de terminales de un hospital, se acuerda de su amiga de la infancia Adrienn Pal y quiere localizarla."
219,Un noble humanista del siglo XV es nombrado Rey de Hungría e impulsa una era de prosperidad.
220,"Un agente inmobiliario establece vínculos con un guardia que vive en un almacén que le han encargado vender. El jefe del guardia quiere bloquear la venta, pero le hace promesas para hacer realidad las ambiciones futbolísticas del guardia."
221,"Fotos de archivo y películas muestran las líneas de ferrocarril que conducían a los campos de concentración nazis de Dachau, Sachsenhausen y otros, contrastando el pasado y el presente de los lugares donde perecieron millones de personas."
222,A sleepwalking sexaholic masseur wakes up covered in blood next to a bloody knife with cops ringing his doorbell.
223,"Awakening from a near fatal overdose, Chris embraces a second chance at life. Required to enroll into a 12-Step Program, and mandated to state psychiatrist appointments, Chris is forced to revisit his chaotic past; a history that revolves around his friend Ande and her autistic b... Leer todo"
224,No disponible
225,"A powerful film that examines the ""progress"" of our present day culture through the eyes of the oppressor."
226,"Adam's and Eve's epic journey throughout history trying to find the meaning of human life. Do we grow in wisdom as centuries pass, or just drift towards an inevitable doom?"
227,The obsession of The Mother for The Negro causes her sick relationship with The Daughter. Mother and daughter perform a daily routine of rites to conjure The Negro's soul. It pushes them into the dolorous tragedy which will consume them.
228,"In 1650 an adventurer returns to his castle to take down his deceased wife's portrait, but his long first night back is filled with revelations about her death. At dawn a swordfight with his prospective brother-in-law finally forces him into coming to terms with his loss."
229,"Charmed by the residents of Tressock, Scotland, two young missionaries accept the invitation to participate in a local festival, fully unaware of the consequences of their decision."
230,"Jonathan, an electronics expert and spy, is hired to track a beautiful woman with a harrowing past. Little does he know that this will be an assignment like no other. As he carries on with his surveillance, he cannot ignore that his feelings are growing for this woman, his ""targe... Leer todo"
231,"El periodista estadounidense Paul Kemp trabaja como freelance en Puerto Rico para un periódico local durante la década de 1960, mientras lucha por encontrar un equilibrio entre la cultura de la isla y los expatriados que viven allí."
232,"A man blames himself for the death of his girlfriend, which makes him go into emotional isolation. He lives in his own little mental bubble, from which he can't see out of. A woman then comes as sent from above, and he can see her through the wall of the bubble. But the bubble ha... Leer todo"
233,La vida del joven escritor Sal Paradise cambia cuando conoce al espíritu Libre de Dean Moriarty y a su novia Marylou. En su viaje a través del país conocen a gente que los marcará para siempre.
234,A government's decree to freeze all bank accounts leaves a retired man with no alternative but to devise a sly way to get his money to survive.
235,"A young woman who suffers a strange disease must travel to a mysterious island in South America, where the myths and the reality do not have differences."
236,No disponible
237,"A medida que la Guerra Civil Americana continúa, el presidente de Estados Unidos lucha con una carnicería continua en el campo de batalla mientras lucha con muchos dentro de su propio gabinete por la decisión de emancipar a los esclavos."
238,"Un joven que sobrevive a una catástrofe en el mar se ve abocado a un viaje épico de aventuras y descubrimientos. Mientras está abandonado, establece una conexión inesperada con otro superviviente: un temible tigre de Bengala."
239,"Working in a Boston homeless shelter, Nick Flynn re-encounters his father, a con man and self-proclaimed poet. Sensing trouble in his own life, Nick wrestles with the notion of reaching out yet again to his dad."
240,The scandals and decadent lives of the 1920's greatest movie stars.
241,"Cuando está a punto de perder su trabajo, Walter pasa a la acción embarcándose en una aventura más extraordinaria que cualquier cosa que pudiera haber imaginado."
242,Thérèse crece con su tía y su prima. Hacia 1860 la tía decide mudarse a París y que su hijo y Thérèse se casen. La vida alegre y sin amor cambia cuando su esposo trae a un amigo a casa. El asunto se pone feo para todos.
243,Lucas is a young man who dreams of eloping to Brazil. His troublemaker friend Robert persuades him to meet up with a girl named Karina. She has come up with a plan involving the robbery of an old ladys' heritage jewels. Lucas soon falls deeply in love with Karina much to the dism... Leer todo
244,"En 1947, Jackie Robinson se enfrenta al racismo resultante de convertirse en el primer afroamericano jugador de la liga profesional de béisbol al ser contratado por los Brooklyn Dodgers."
245,"A young by-the-book detective gets partnered with a seasoned, renegade undercover cop to solve a brutal gangland murder."
246,A teenage boy's descent into the dangerous world of the Internet and the harrowing consequences of his actions. A true story.
247,"Un holgazán trama una idea de un millón de dólares. Pero, para llevarlo a cabo, tiene que aprender a confiar en su atractiva contraparte corporativa. Basado en la novela de Max Barry."
248,"Felix and Alexandra's tender marriage unravels after a devastating betrayal. The story travels on an international journey of discovery from New York City to Santorini, Greece while addressing this very question."
249,"En el Dallas de 1985, el estafador y electricista Ron Woodroof trabaja fuera del sistema para ayudar a pacientes de SIDA a encontrar la medicación que necesitan."
250,No disponible
251,No disponible
252,El investigador privado Matthew Scudder es contratado por un capo de la droga para averiguar quién secuestró y asesinó a su esposa.
253,"THE NINTH CLOUD is a dark, existential comedy about a young woman trying to find answers to the meaning of existence ... who runs into a whole pack of strange characters in London, from bohemian struggling artistes, to monied British aristocrats, with all their varying agendas as... Leer todo"
254,"En una comunidad aparentemente perfecta, sin guerra, dolor, sufrimiento, diferencias o elección, un joven es elegido para aprender de un anciano sobre el verdadero dolor y placer del mundo real."
255,"En Manhattan, una noche de inesperadas aventuras convierte a dos desconocidos en perfectos confidentes."
256,Cuatro personas se reúnen en Noche Vieja como un sucedáneo de familia para darse apoyo mutuo.
257,Un joven programador es seleccionado para participar en un innovador experimento de inteligencia sintética evaluando las cualidades humanas de una inteligencia artificial humanoide muy avanzada.
258,No disponible
259,"A shot-by-shot reenactment of an unreleased 1967 documentary portrait of SAIC student Shulamith Firestone, who, a few years later, would become a central figure in the rise of radical feminism."
260,No disponible
261,"La historia de Assis Chateaubriand, el primer magnate de la comunicación de Brasil. Debido a su influencia desde finales de la década de 1930 hasta principios de la de 1960, se le ha llamado El ciudadano brasileño Kane."
262,"Passers-by is a constructivist, multiple, fragmented and cosmic film... a cinematographic Big Bang resulting from a thorough conception and edition work by Director Luis Aller. Passers-by exposes us to ephemeralness inside hundreds of human beings' lives in their particular evolu... Leer todo"
263,"En 1971, veinticuatro estudiantes masculinos son seleccionados para asumir papeles de prisioneros y guardias asignados al azar en una prisión de prueba situada en el sótano del edificio de psicología de Stanford."
264,Las vidas de los vecinos de un edificio se salen de control.
265,"La historia y vida del genio matemático indio Srinivasa Ramanujan y su amistad con su mentor, el profesor G.H. Hardy."
266,Una exploración de la vida y obra del músico Miles Davis.
267,Historia de amor ficticia inspirada en las vidas de los artistas daneses Lili Elbe y Gerda Wegener. El matrimonio y el trabajo de Lili y Gerda evolucionan a medida que transcurre la pionera experiencia de Lili como transgénero.
268,A grief-stricken cop and an amputee grandmaster are brought together by a peculiar twist of fate as part of a wider conspiracy that has darkened their lives.
269,Un matrimonio estadounidense aparentemente perfecto ve su vida desmoronarse cuando su hija decide formar parte de los disturbios en los 60.
270,The story of a long-lost book that mysteriously reappears and connects an old man searching for his son with a girl seeking a cure for her mother's loneliness.
271,"A tale of a man and a woman suffering near-absurd circumstances. Their narratives, recollections, imagination, dreams."
272,Un mediador del Hollywood de los años 50 trata de mantener a raya a las estrellas del estudio.
273,"En el siglo XVII, dos jesuitas portugueses viajan a Japón en busca de su mentor, del que se rumorea es un apóstata, y para propagar el Catolicismo."
274,"La historia de Nina Simone, su ascenso a la fama y la relación con su manager Clifton Henderson."
275,"Inspired by war films from the 1950's, Retreat! tells the story of nine U.S. Soldiers who were forced to retreat into unknown territories deep in the heart of Korea."
276,"To get their parents back together, two clever siblings team up with their grandpa in a series of mischievous antics."
277,"The film revolves around the concept of soap opera. Its structure is based on the assumption that Chilean reality does not exist, but rather is an ensemble of soap operas."
278,Simple-minded Joseph Briteman breaks a golden rule of his 'life skills' program when he walks away unsupervised to rescue his long lost baby sister.
279,No disponible
280,"En Nueva York, la vida de un recién licenciado sufre un giro inesperado al conocer a la novia de su padre."
281,Un artista se enamora de una joven mujer casada mientras se le encarga pintar su retrato durante la manía tulipán del siglo XVII en Ámsterdam.
282,"Mientras una comunidad suburbana de los años 50 se autodestruye, un allanamiento de morada tiene siniestras consecuencias para una familia aparentemente normal."
283,Una joven se encuentra en el extremo receptor de una terrible maldición que amenaza con acabar con su vida en 7 días.
284,"Caravaggio's tortured life, his murder and the journey of his soul."
285,Un joven que vive una vida protegida se enamora de una ex-stripper y se une a su grupo de Alcohólicos Anónimos sólo para poder estar en la misma habitación que ella.
286,Un director de Hollywood regresa tras un tiempo en las sombras para completar su trabajo en una innovadora película.
287,"In 1990s Los Angeles, danger lurks around the corner after a freak accident leaves an undercover cop with supernatural abilities while also unleashing a horror that he must destroy before it destroys everything."
288,"A lone shark bounty hunter pits himself against secret agents from three countries. The prize: a million bucks in cash for vital state secrets. A little talky in spots, but overall not bad. Color. 16mm."
289,"A triangle love story between viz Meher (Kaushik Sen), Noor (Saswato Chaterjee) and Sakina (Nandita Das)."
290,"En un aterrador futuro higienizado, el joven Guy Montag, cuyo trabajo como bombero es quemar libros, cuestiona sus acciones después de conocer a una joven, y se empieza a rebelar contra la sociedad."
291,"Violet Jones, cansada de esperar a que su novio de mucho tiempo le proponga matrimonio, rompe con él. Pero antiguos sentimientos, y sin duda un montón de celos, surgen cuando pronto comienza a salir con otra mujer."
292,Un joven escritor adicto a las drogas se somete a dos meses de agonizante desintoxicación en Minnesota.
293,"Coveted by two different men, a woman turns to a third man instead."
294,"Sha Ou is a volleyball player and works hard against her injuries resulting from training. In spite of her defeat in an international competition and the the death of her boyfriend, she insists on her training."
295,Set in a turn-of-the-century religious community about a nun who has recently taken her vows.
296,No disponible
297,"En el Nueva York de los años 50, un solitario detective privado afectado por el síndrome de Tourette se aventura a resolver el asesinato de su mentor y único amigo."
298,"En agosto de 1966, en una plantación de caucho vietnamita llamada Long Tan, 108 soldados jóvenes y en su mayoría sin experiencia que vienen de Australia y Nueva Zelanda luchan por sus vidas contra 2500 soldados del Viet Cong."
299,"34 años tras su muerte, el piloto William H. ""Pits"" Pitsenbarger es galardonado con el mayor honor militar por sus acciones en el campo de batalla."
300,"La esposa de un hombre se ha suicidado y se le aparece como un fantasma, siguiéndolo a todas partes y cambiando su personalidad."
301,"LOVE & ORGASMS is a dramatic comedy about women's relationships that explores the emotional challenges of healing a broken heart and the importance of sexual pleasure for women. After a heartbreaking experience, advertising executive Donna Greenberg throws herself into her work. ... Leer todo"
302,"Kate McCarthy, a former teen sitcom star who trashed her life through drug abuse, is forced to live, fresh out of rehab, on the one remaining piece of property her business manager, Charlie, has kept out of foreclosure - a run-down apartment building in east L.A. With her one rem... Leer todo"
303,"1967 China, A young boy (Dax) is left to survive on his own in the middle of no were, after his missionary parents were murdered by rebels. He is found and Raised by a Shawling Temple Monk and becomes skilled in Martial arts. 25 Years later, in Los Angeles he meets a long time fr... Leer todo"
304,"Margaret, una respetada profesora de inglés de día, se sumerge en el reluciente laberinto de Tokio por la noche. Con rumbo incierto, busca la amistad en sus compañeros expatriados hasta que conoce a un miembro de la Yakuza Kazu."
305,"This road film revolves around an Okinawan folk song singer Tsuru and her son Henry's filmmaking journey. Taiwanese singers CHIN Man-wang, LEE Ping-huei, and acclaimed actress CHEN Shiang-chyi all make cameo appearances. After decoupling Okinawa from Japan in Okinawan Dream Show,... Leer todo"
306,"La épica historia de Pat Johnson, un aspirante director de cine alienado, sobre su infancia en la Illinois rural, su enamoramiento y su conversión en el primer fan de la película que lo cambió todo."
307,"A unfulfilled love story of a prominent lawyer, 'Shiv Shankar' who loses his vision in an accident and is thrown into a life of seclusion. He also loses contact with his beloved (Vijayshanti) a doctor by profession. Shiv starts leading the life of a recluse. Years later, a colleg... Leer todo"
308,"La frontera occidental ha resurgido y, como en el pasado, un héroe responderá al grito de justicia del pueblo."
309,"Un chico de California de 38 años intenta salvar su estación de radio independiente, KZMC Cosmic Radio, de la ruina financiera cuando su rico padre le corta los recursos de financiamiento."
310,"Sargento Primero, Charles Monroe King, antes de ser asesinado en acción en Bagdad, escribe un diario para su hijo con la intención de decirle cómo vivir una vida decente a pesar de crecer sin un padre."
311,"Winter, 1993. Bill Clinton is elected president. Audrey Hepburn dies. Wars following the breakup of socialist Yugoslavia are continued in Croatia and Bosnia. Belgrade is under sanctions and inflation that threaten to become hyperinflation. MOTHER wakes up on a day when she has to... Leer todo"
312,"After his son witnesses a brutal murder by a notorious crime boss, a deaf Indonesian gangster is thrust into the fight of his life when he takes on his dangerous former allies, including a sociopath assassin, in order to protect his child."
313,La historia de un productor y dos modelos masculinos que sincronizaban los labios y que venderían millones de discos y ganarían un Grammy antes de que se descubriera su estafa.
314,No disponible
315,Error
316,Error
317,Error
318,Error
319,Error
320,Error
321,Error
322,Error
323,Error
324,Error
325,Error
326,Error
327,Error
328,Error
329,Error
330,Error
331,Error
332,Error
333,Error
334,Error
335,Error
336,Error
337,Error
338,Error
339,Error
340,Error
341,Error
342,Error
343,Error
344,Error
345,Error
346,Error
347,Error
348,Error
349,Error
350,Error
351,Error
352,Error
353,Error
354,Error
355,Error
356,Error
357,Error
358,Error
359,Error
360,Error
361,Error
362,Error
363,Error
364,Error
365,Error
366,Error
367,Error
368,Error
369,Error
370,Error
371,Error
372,Error
373,Error
374,Error
375,Error
376,Error
377,Error
378,Error
379,Error
380,Error
381,Error
382,Error
383,Error
384,Error
385,Error
386,Error
387,Error
388,Error
389,Error
390,Error
391,Error
392,Error
393,Error
394,Error
395,Error
396,Error
397,Error
398,Error
399,Error
400,Error
401,Error
402,Error
403,Error
404,Error
405,Error
406,Error
407,Error
408,Error
409,Error
410,Error
411,Error
412,Error
413,Error
414,Error
415,Error
416,Error
417,Error
418,Error
419,Error
420,Error
421,Error
422,Error
423,Error
424,Error
425,Error
426,Error
427,Error
428,Error
429,Error
430,Error
431,Error
432,Error
433,Error
434,Error
435,Error
436,Error
437,Error
438,Error
439,Error
440,Error
441,Error
442,Error
443,Error
444,Error
445,Error
446,Error
447,Error
448,Error
449,Error
450,Error
451,Error
452,Error
453,Error
454,Error
455,Error
456,Error
457,Error
458,Error
459,Error
460,Error
461,Error
462,Error
463,Error
464,Error
465,Error
466,Error
467,Error
468,Error
469,Error
470,Error
471,Error
472,Error
473,Error
474,Error
475,Error
476,Error
477,Error
478,Error
479,Error
480,Error
481,Error
482,Error
483,Error
484,Error
485,Error
486,Error
487,Error
488,Error
489,Error
490,Error
491,Error
492,Error
493,Error
494,Error
495,Error
496,Error
497,Error
498,Error
499,Error
500,Error
501,Error
502,Error
503,Error
504,Error
505,Error
506,Error
507,Error
508,Error
509,Error
510,Error
511,Error
512,Error
513,Error
514,Error
515,Error
516,Error
517,Error
518,Error
519,Error
520,Error
521,Error
522,Error
523,Error
524,Error
525,Error
526,Error
527,Error
528,Error
