nombre actor,profesion
Saif Ali Khan,Reparto
Saif Ali Khan,Producción
Saif Ali Khan,Música
Atul Agnihotri,Reparto
Atul Agnihotri,Producción
Atul Agnihotri,Dirección
Pooja Bhatt,Reparto
Pooja Bhatt,Producción
Pooja Bhatt,Dirección
Sheeba Agarwal,Reparto
Sheeba Agarwal,Música
Sheeba Agarwal,Producción
Vikas Anand,Reparto
Vikas Anand,Guion
Tabassum Govil,Reparto
Tabassum Govil,Producción
Tabassum Govil,Dirección
Dinesh Hingoo,Reparto
Saeed Jaffrey,Reparto
Saeed Jaffrey,Equipos adicionales
Shashi Kiran,Reparto
Alok Nath,Reparto
Alok Nath,Producción
Marko Zaror,Reparto
Marko Zaror,Producción
Marko Zaror,Dirección de la segunda unidad o asistencia a dirección
Hugo Stiglitz,Reparto
Hugo Stiglitz,Producción
Hugo Stiglitz,Dirección
Susana González,Reparto
Fidel Abrego,Reparto
Fidel Abrego,Especialistas
Emmanuel Brandon,Reparto
Carlos Caballero,Efectos visuales
Francisco Calvo,Reparto
Vicky de la Serna,Reparto
Vicky de la Serna,Banda sonora
Candela Fernandez,Reparto
Candela Fernandez,Equipos adicionales
Carlos Garcia,Composición
Carlos Garcia,Música
Carlos Garcia,Reparto
Michael Jai White,Reparto
Michael Jai White,Guion
Michael Jai White,Producción
Julian Sands,Reparto
Julian Sands,Dirección de la segunda unidad o asistencia a dirección
Julian Sands,Banda sonora
Eamonn Walker,Reparto
Eamonn Walker,Banda sonora
Dante Basco,Reparto
Dante Basco,Producción
Dante Basco,Guion
Nona Gaye,Reparto
Nona Gaye,Banda sonora
Michelle Belegrin,Reparto
Bob Sapp,Reparto
Dick Anthony Williams,Reparto
Francis Capra,Reparto
Ron Yuan,Reparto
Ron Yuan,Dirección
Ron Yuan,Producción
Kate Beckinsale,Reparto
Kate Beckinsale,Producción
Kate Beckinsale,Equipos adicionales
Gabriel Macht,Reparto
Gabriel Macht,Producción
Gabriel Macht,Dirección
Tom Skerritt,Reparto
Tom Skerritt,Dirección
Tom Skerritt,Producción
Columbus Short,Reparto
Columbus Short,Producción
Columbus Short,Guion
Alex O'Loughlin,Reparto
Alex O'Loughlin,Producción
Alex O'Loughlin,Dirección
Shawn Doyle,Reparto
Shawn Doyle,Guion
Shawn Doyle,Producción
Joel Keller,Reparto
Joel Keller,Producción
Joel Keller,Dirección
Arthur Holden,Reparto
Arthur Holden,Guion y continuidad
Arthur Holden,Guion
Erin Hicock,Reparto
Erin Hicock,Guion
Erin Hicock,Producción
Bradley Dorsey,Reparto
Bradley Dorsey,Producción
Bradley Dorsey,Guion
Chris Ebling,Reparto
Misty Lockheart,Reparto
Misty Lockheart,Guion
Misty Lockheart,Producción
Lora E. Keady,Reparto
Jon Brown,Guion
Jon Brown,Producción
Jon Brown,Guion y continuidad
Benny Costanza,Reparto
David Norris,Reparto
David Norris,Guion
David Norris,Producción
Hunter Culp,Reparto
Brandon Stewart,Reparto
Brandon Stewart,Dirección
Brandon Stewart,Guion
John Dockens,Reparto
Freddie Highmore,Reparto
Freddie Highmore,Producción
Freddie Highmore,Dirección
Nicolas Cage,Reparto
Nicolas Cage,Producción
Nicolas Cage,Dirección
Kristen Bell,Reparto
Kristen Bell,Producción
Kristen Bell,Guion
Charlize Theron,Producción
Charlize Theron,Reparto
Charlize Theron,Diseño de vestuario
Ryan Stiles,Producción
Ryan Stiles,Reparto
Ryan Stiles,Equipos adicionales
Eugene Levy,Reparto
Eugene Levy,Guion
Eugene Levy,Producción
Donald Sutherland,Reparto
Donald Sutherland,Producción
Donald Sutherland,Guion
Bill Nighy,Reparto
Bill Nighy,Producción
Bill Nighy,Banda sonora
David Alan Grier,Reparto
David Alan Grier,Guion
David Alan Grier,Producción
Alan Tudyk,Reparto
Alan Tudyk,Producción
Alan Tudyk,Guion
Jackie Earle Haley,Reparto
Jackie Earle Haley,Dirección
Jackie Earle Haley,Guion
Patrick Wilson,Reparto
Patrick Wilson,Producción
Patrick Wilson,Dirección
Carla Gugino,Reparto
Carla Gugino,Producción
Carla Gugino,Banda sonora
Malin Akerman,Reparto
Malin Akerman,Producción
Malin Akerman,Banda sonora
Billy Crudup,Reparto
Billy Crudup,Producción
Billy Crudup,Banda sonora
Matthew Goode,Reparto
Jeffrey Dean Morgan,Reparto
Jeffrey Dean Morgan,Producción
Jeffrey Dean Morgan,Banda sonora
Matt Frewer,Reparto
Matt Frewer,Guion
Matt Frewer,Producción
Stephen McHattie,Reparto
Stephen McHattie,Dirección
Stephen McHattie,Producción
Laura Mennell,Reparto
Laura Mennell,Producción
Daniel Radcliffe,Reparto
Daniel Radcliffe,Producción
Daniel Radcliffe,Banda sonora
Emma Watson,Reparto
Emma Watson,Dirección
Emma Watson,Producción
Rupert Grint,Reparto
Rupert Grint,Producción
Rupert Grint,Banda sonora
Michael Gambon,Reparto
Michael Gambon,Música
Michael Gambon,Banda sonora
Dave Legeno,Reparto
Dave Legeno,Guion
Elarica Johnson,Reparto
Jim Broadbent,Reparto
Jim Broadbent,Guion
Jim Broadbent,Producción
Geraldine Somerville,Reparto
Bonnie Wright,Reparto
Bonnie Wright,Producción
Bonnie Wright,Dirección
Julie Walters,Reparto
Julie Walters,Banda sonora
Alexander Wraith,Reparto
Alexander Wraith,Guion
Alexander Wraith,Producción
Gail Kim,Reparto
Gail Kim,Producción
Lalaine,Reparto
Lalaine,Guion
Lalaine,Equipos adicionales
Pat Morita,Reparto
Pat Morita,Guion
Pat Morita,Producción
Eric Roberts,Reparto
Eric Roberts,Producción
Eric Roberts,Banda sonora
Jeannie Crist,Reparto
Nicole Brown,Reparto
Nicole Brown,Producción
Nicole Brown,Guion
Darren Kendrick,Reparto
Darren Kendrick,Producción
Darren Kendrick,Especialistas
Jimmy Yun,Reparto
Bobby Routh,Reparto
Jon Foo,Reparto
Jon Foo,Especialistas
Kelly Overton,Reparto
Kelly Overton,Producción
Kelly Overton,Dirección
Cary-Hiroyuki Tagawa,Reparto
Cary-Hiroyuki Tagawa,Producción
Cary-Hiroyuki Tagawa,Equipos adicionales
Ian Anthony Dale,Reparto
Ian Anthony Dale,Dirección
Cung Le,Reparto
Cung Le,Producción
Cung Le,Especialistas
Darrin Dewitt Henson,Reparto
Darrin Dewitt Henson,Producción
Darrin Dewitt Henson,Equipos adicionales
Luke Goss,Reparto
Luke Goss,Producción
Luke Goss,Dirección
Mircea Monroe,Reparto
Mircea Monroe,Producción
Tamlyn Tomita,Reparto
Tamlyn Tomita,Guion
Tamlyn Tomita,Producción
Candice Hillebrand,Reparto
Donald Faison,Reparto
Donald Faison,Producción
Donald Faison,Guion
Eddie Kaye Thomas,Reparto
Eddie Kaye Thomas,Guion
Eddie Kaye Thomas,Banda sonora
Eddie Guerra,Reparto
Eddie Guerra,Guion
Eddie Guerra,Producción
Abraham Benrubi,Reparto
Abraham Benrubi,Banda sonora
Jaime Pressly,Reparto
Jaime Pressly,Producción
Jaime Pressly,Banda sonora
Molly Sims,Reparto
Molly Sims,Producción
Molly Sims,Equipo ejecutivo
Roselyn Sanchez,Reparto
Roselyn Sanchez,Producción
Roselyn Sanchez,Guion
Florence Henderson,Reparto
Florence Henderson,Producción
Florence Henderson,Guion
Jon Polito,Reparto
Paul Ben-Victor,Reparto
Paul Ben-Victor,Guion
Paul Ben-Victor,Producción
Liam Neeson,Reparto
Liam Neeson,Producción
Liam Neeson,Banda sonora
Bradley Cooper,Reparto
Bradley Cooper,Producción
Bradley Cooper,Dirección
Sharlto Copley,Reparto
Sharlto Copley,Producción
Sharlto Copley,Dirección
Jessica Biel,Reparto
Jessica Biel,Producción
Jessica Biel,Dirección
Quinton 'Rampage' Jackson,Reparto
Quinton 'Rampage' Jackson,Producción
Patrick Wilson,Reparto
Patrick Wilson,Producción
Patrick Wilson,Dirección
Gerald McRaney,Reparto
Gerald McRaney,Producción
Gerald McRaney,Dirección
Henry Czerny,Reparto
Yul Vazquez,Reparto
Yul Vazquez,Producción
Yul Vazquez,Equipos adicionales
Brian Bloom,Reparto
Brian Bloom,Guion
Brian Bloom,Producción
Thiago Lacerda,Reparto
Ângela Vieira,Reparto
Milton Gonçalves,Reparto
Milton Gonçalves,Dirección
Marcio Rosario,Reparto
Marcio Rosario,Producción
Marcio Rosario,Guion
Gracindo Júnior,Reparto
Gracindo Júnior,Dirección
Gracindo Júnior,Guion
Ailton Graça,Reparto
Ailton Graça,Producción
Ailton Graça,Banda sonora
Sheila Mello,Reparto
Viviane Victorette,Reparto
Gilberto Torres,Reparto
Sônia Lima,Reparto
Michael Cera,Reparto
Michael Cera,Producción
Michael Cera,Dirección
Mary Elizabeth Winstead,Reparto
Mary Elizabeth Winstead,Producción
Mary Elizabeth Winstead,Banda sonora
Kieran Culkin,Reparto
Anna Kendrick,Reparto
Anna Kendrick,Producción
Anna Kendrick,Dirección
Alison Pill,Reparto
Alison Pill,Banda sonora
Aubrey Plaza,Reparto
Aubrey Plaza,Producción
Aubrey Plaza,Guion
Jason Schwartzman,Reparto
Jason Schwartzman,Música
Jason Schwartzman,Producción
Johnny Simmons,Reparto
Mark Webber,Reparto
Mark Webber,Dirección
Mark Webber,Guion
Ellen Wong,Reparto
Ellen Wong,Producción
Ellen Wong,Guion
Jeff Osterhage,Reparto
Mark Gantt,Dirección
Mark Gantt,Guion
Mark Gantt,Producción
Branscombe Richmond,Reparto
Branscombe Richmond,Especialistas
Branscombe Richmond,Producción
Ed Lauter,Reparto
Frank Stallone,Reparto
Frank Stallone,Música
Frank Stallone,Producción
James Lew,Especialistas
James Lew,Reparto
James Lew,Dirección de la segunda unidad o asistencia a dirección
Corbin Timbrook,Reparto
Corbin Timbrook,Producción
Corbin Timbrook,Dirección
John Brotherton,Reparto
John Brotherton,Producción
John Brotherton,Sonido
Johnny Nisbet,Producción
Johnny Nisbet,Reparto
Monique Yates Jr.,Reparto
Monique Yates Jr.,Especialistas
Monique Yates Jr.,Equipos adicionales
Anthony Moscato,Reparto
Anthony Moscato,Producción
Alex Safi,Reparto
Alex Safi,Producción
Jason Waugh,Reparto
Jason Waugh,Dirección de fotografía y cámara
Jason Waugh,Diseño de producción
James Hyde,Reparto
James Hyde,Producción
James Hyde,Guion
Richard Goteri,Reparto
Richard Goteri,Producción
Richard Goteri,Guion
Sarah Sid,Reparto
Sarah Sid,Banda sonora
Buzz Jones,Reparto
Michael Mili,Reparto
Michael Mili,Producción
Michael Mili,Guion
Virginia Bryant,Reparto
Anastasia Maria Mili,Reparto
Manoj Bajpayee,Reparto
Manoj Bajpayee,Producción
Manoj Bajpayee,Música
Shriya Saran,Reparto
Pawan Kalyan,Reparto
Pawan Kalyan,Especialistas
Pawan Kalyan,Música
Saranya Ponvannan,Reparto
Saranya Ponvannan,Música
Saranya Ponvannan,Banda sonora
Nassar,Reparto
Nassar,Dirección
Nassar,Guion
Girish Karnad,Reparto
Girish Karnad,Guion
Girish Karnad,Dirección
Mohammad Ali,Reparto
Cochin Hanifa,Reparto
Cochin Hanifa,Guion
Cochin Hanifa,Dirección
Kovai Sarala,Reparto
Kovai Sarala,Música
Kovai Sarala,Banda sonora
Nikesha Patel,Reparto
Vincent Pastore,Reparto
Vincent Pastore,Producción
Ben Curtis,Reparto
Ben Curtis,Producción
Ben Curtis,Música
Lora Kojovic,Reparto
Kory Bassett,Reparto
Tonja Walker,Reparto
Tonja Walker,Producción
Tonja Walker,Guion
Vinny Vella,Reparto
Vinny Vella,Equipos adicionales
Gerald Bunsen,Reparto
Gerald Bunsen,Especialistas
Gerald Bunsen,Producción
Mike Bash,Reparto
Mike Bash,Producción
Mike Bash,Guion
Sam Bilinkas,Reparto
Sam Bilinkas,Especialistas
Jim Bonney,Equipos adicionales
Daniel Craig,Reparto
Daniel Craig,Producción
Daniel Craig,Banda sonora
Harrison Ford,Reparto
Harrison Ford,Guion
Harrison Ford,Producción
Olivia Wilde,Reparto
Olivia Wilde,Producción
Olivia Wilde,Dirección
Abigail Spencer,Reparto
Abigail Spencer,Producción
Abigail Spencer,Guion
Buck Taylor,Reparto
Buck Taylor,Arte
Buck Taylor,Equipos adicionales
Matthew Taylor,Especialistas
Matthew Taylor,Reparto
Matthew Taylor,Dirección de la segunda unidad o asistencia a dirección
Cooper Taylor,Reparto
Clancy Brown,Reparto
Clancy Brown,Producción
Clancy Brown,Banda sonora
Paul Dano,Reparto
Paul Dano,Producción
Paul Dano,Dirección
Chris Browning,Reparto
Chris Browning,Producción
Chris Browning,Dirección
Hugh Jackman,Reparto
Hugh Jackman,Producción
Hugh Jackman,Equipo ejecutivo
Evangeline Lilly,Reparto
Evangeline Lilly,Banda sonora
Dakota Goyo,Reparto
Dakota Goyo,Especialistas
Dakota Goyo,Producción
Anthony Mackie,Reparto
Anthony Mackie,Producción
Anthony Mackie,Dirección
Kevin Durand,Reparto
Kevin Durand,Dirección
Kevin Durand,Guion
Hope Davis,Reparto
Hope Davis,Banda sonora
James Rebhorn,Reparto
Karl Yune,Reparto
Olga Fonda,Reparto
John Gatins,Reparto
John Gatins,Guion
John Gatins,Producción
Chris Evans,Reparto
Chris Evans,Producción
Chris Evans,Dirección
Hugo Weaving,Reparto
Hugo Weaving,Producción
Hugo Weaving,Banda sonora
Samuel L. Jackson,Reparto
Samuel L. Jackson,Producción
Samuel L. Jackson,Equipos adicionales
Hayley Atwell,Reparto
Hayley Atwell,Banda sonora
Sebastian Stan,Reparto
Sebastian Stan,Producción
Sebastian Stan,Banda sonora
Tommy Lee Jones,Reparto
Tommy Lee Jones,Dirección
Tommy Lee Jones,Guion
Dominic Cooper,Reparto
Dominic Cooper,Producción
Dominic Cooper,Banda sonora
Richard Armitage,Reparto
Richard Armitage,Producción
Richard Armitage,Guion
Stanley Tucci,Reparto
Stanley Tucci,Producción
Stanley Tucci,Guion
Toby Jones,Reparto
Toby Jones,Guion
Toby Jones,Producción
Alison MacInnis,Reparto
Alison MacInnis,Cámara y electricidad
Alison MacInnis,Guion
Frank Alvarez,Reparto
Dennis Baesa,Reparto
Derek Barbosa,Reparto
Derek Barbosa,Guion
Derek Barbosa,Composición
Christina Buenaventura,Reparto
Armando Cantina,Reparto
Mr. Capone-E,Reparto
Mr. Capone-E,Composición
Mr. Capone-E,Producción
Rod Chaouqi,Reparto
Shannon Marie Codner,Reparto
Shannon Marie Codner,Equipos adicionales
Elika Crespo,Reparto
Jason Statham,Reparto
Jason Statham,Producción
Jason Statham,Especialistas
Ben Foster,Reparto
Ben Foster,Producción
Ben Foster,Dirección
Donald Sutherland,Reparto
Donald Sutherland,Producción
Donald Sutherland,Guion
Tony Goldwyn,Reparto
Tony Goldwyn,Dirección
Tony Goldwyn,Guion
Jeff Chase,Reparto
Jeff Chase,Especialistas
Mini Anden,Reparto
Mini Anden,Producción
James Logan,Especialistas
James Logan,Reparto
James Logan,Producción
Eddie J. Fernandez,Especialistas
Eddie J. Fernandez,Reparto
Eddie J. Fernandez,Dirección de la segunda unidad o asistencia a dirección
Joshua Bridgewater,Reparto
John McConnell,Reparto
John McConnell,Producción
Eddie Murphy,Reparto
Eddie Murphy,Guion
Eddie Murphy,Producción
Ben Stiller,Producción
Ben Stiller,Reparto
Ben Stiller,Dirección
Casey Affleck,Reparto
Casey Affleck,Dirección
Casey Affleck,Guion
Alan Alda,Reparto
Alan Alda,Equipos adicionales
Alan Alda,Guion
Matthew Broderick,Reparto
Matthew Broderick,Dirección
Matthew Broderick,Producción
Stephen McKinley Henderson,Reparto
Judd Hirsch,Reparto
Judd Hirsch,Equipos adicionales
Judd Hirsch,Producción
Téa Leoni,Reparto
Téa Leoni,Producción
Téa Leoni,Equipos adicionales
Michael Peña,Reparto
Michael Peña,Producción
Michael Peña,Banda sonora
Gabourey Sidibe,Reparto
Gabourey Sidibe,Dirección
Gabourey Sidibe,Producción
Nicolas Cage,Reparto
Nicolas Cage,Producción
Nicolas Cage,Dirección
Ron Perlman,Reparto
Ron Perlman,Producción
Ron Perlman,Dirección
Claire Foy,Reparto
Claire Foy,Producción
Stephen Campbell Moore,Reparto
Stephen Graham,Reparto
Stephen Graham,Producción
Stephen Graham,Guion
Ulrich Thomsen,Reparto
Ulrich Thomsen,Producción
Ulrich Thomsen,Dirección
Robert Sheehan,Reparto
Robert Sheehan,Producción
Robert Sheehan,Banda sonora
Christopher Lee,Reparto
Christopher Lee,Equipos adicionales
Christopher Lee,Producción
Kevin Rees,Reparto
Andrew Hefler,Reparto
Andrew Hefler,Guion
Hilary Duff,Reparto
Hilary Duff,Música
Hilary Duff,Producción
Haylie Duff,Reparto
Haylie Duff,Producción
Haylie Duff,Dirección
Charlie Sheen,Reparto
Charlie Sheen,Producción
Charlie Sheen,Guion
Eva Longoria,Reparto
Eva Longoria,Producción
Eva Longoria,Dirección
Wayne Brady,Producción
Wayne Brady,Reparto
Wayne Brady,Guion
Christopher Lloyd,Reparto
Christopher Lloyd,Producción
Christopher Lloyd,Banda sonora
Chris Kattan,Reparto
Chris Kattan,Guion
Chris Kattan,Producción
Larry Miller,Reparto
Larry Miller,Guion
Larry Miller,Producción
Edward Asner,Reparto
Edward Asner,Producción
Edward Asner,Equipos adicionales
Jerry Stiller,Reparto
Jerry Stiller,Producción
Jerry Stiller,Guion
Taylor Kitsch,Reparto
Taylor Kitsch,Producción
Taylor Kitsch,Dirección
Lynn Collins,Reparto
Willem Dafoe,Reparto
Willem Dafoe,Producción
Willem Dafoe,Guion
Samantha Morton,Reparto
Samantha Morton,Guion
Samantha Morton,Dirección
Thomas Haden Church,Reparto
Thomas Haden Church,Equipos adicionales
Thomas Haden Church,Producción
Mark Strong,Reparto
Mark Strong,Producción
Ciarán Hinds,Reparto
Ciarán Hinds,Banda sonora
Dominic West,Reparto
Dominic West,Producción
Dominic West,Dirección
James Purefoy,Reparto
James Purefoy,Producción
Bryan Cranston,Reparto
Bryan Cranston,Producción
Bryan Cranston,Guion
Jay Rowlands,Reparto
Jay Rowlands,Producción
Jay Rowlands,Especialistas
Alan Luxmore,Equipos adicionales
Alan Luxmore,Dirección de producción
Alan Luxmore,Reparto
Amy Colton,Reparto
Amy Colton,Producción
Fred Butler,Reparto
Fred Butler,Dirección
Jeff Polage,Reparto
Jeff Polage,Arte
Jeff Polage,Cámara y electricidad
Shayna Bell,Reparto
Megan Boye,Reparto
Jason Seitz,Reparto
Jason Seitz,Casting
Del Marshall,2006
Del Marshall,PG
Del Marshall,2h 11min
LeeRoy Cannady,Reparto
Cuba Gooding Jr.,Reparto
Cuba Gooding Jr.,Guion
Cuba Gooding Jr.,Producción
Gerald McRaney,Reparto
Gerald McRaney,Producción
Gerald McRaney,Dirección
David Oyelowo,Reparto
David Oyelowo,Producción
David Oyelowo,Dirección
Andre Royo,Reparto
Andre Royo,Producción
Andre Royo,Guion
Terrence Howard,Reparto
Terrence Howard,Producción
Terrence Howard,Guion
Nate Parker,Reparto
Nate Parker,Producción
Nate Parker,Guion
Tristan Mack Wilds,Reparto
Tristan Mack Wilds,Producción
Tristan Mack Wilds,Dirección
Ne-Yo,Music Artist
Ne-Yo,Reparto
Ne-Yo,Composición
Elijah Kelley,Reparto
Elijah Kelley,Producción
Elijah Kelley,Equipos adicionales
Marcus T. Paulk,Reparto
Marcus T. Paulk,Producción
Marcus T. Paulk,Decoración
Tom Cruise,Reparto
Tom Cruise,Producción
Tom Cruise,Dirección
Rosamund Pike,Reparto
Rosamund Pike,Producción
Rosamund Pike,Banda sonora
Richard Jenkins,Reparto
Richard Jenkins,Producción
Richard Jenkins,Banda sonora
Werner Herzog,Dirección
Werner Herzog,Guion
Werner Herzog,Producción
David Oyelowo,Reparto
David Oyelowo,Producción
David Oyelowo,Dirección
Jai Courtney,Reparto
Vladimir Sizov,Reparto
Joseph Sikora,Reparto
Joseph Sikora,Guion
Joseph Sikora,Dirección
Michael Raymond-James,Reparto
Michael Raymond-James,Dirección
Michael Raymond-James,Producción
Alexia Fast,Reparto
Alexia Fast,Cámara y electricidad
Alexia Fast,Banda sonora
Wesley Snipes,Reparto
Wesley Snipes,Producción
Wesley Snipes,Especialistas
Kevin Howarth,Reparto
Kevin Howarth,Equipos adicionales
Riley Smith,Reparto
Riley Smith,Guion
Riley Smith,Producción
Tanit Phoenix,Reparto
Tanit Phoenix,Maquillaje
Simona Roman,Reparto
Simona Roman,Producción
Steven Elder,Reparto
Steven Elder,Guion
Steven Elder,Producción
Patrick Bergin,Reparto
Patrick Bergin,Producción
Patrick Bergin,Banda sonora
Jay Grant,Reparto
Jay Grant,Producción
Hector Hugo,Reparto
Hector Hugo,Producción
Hector Hugo,Edición
David De Beer,Reparto
David De Beer,Composición
Robert Downey Jr.,Reparto
Robert Downey Jr.,Producción
Robert Downey Jr.,Guion
Chris Evans,Reparto
Chris Evans,Producción
Chris Evans,Dirección
Scarlett Johansson,Reparto
Scarlett Johansson,Producción
Scarlett Johansson,Dirección
Jeremy Renner,Reparto
Jeremy Renner,Producción
Jeremy Renner,Sonido
Mark Ruffalo,Reparto
Mark Ruffalo,Producción
Mark Ruffalo,Guion
Chris Hemsworth,Reparto
Chris Hemsworth,Producción
Chris Hemsworth,Banda sonora
Tom Hiddleston,Reparto
Tom Hiddleston,Producción
Tom Hiddleston,Banda sonora
Clark Gregg,Reparto
Clark Gregg,Dirección
Clark Gregg,Guion
Cobie Smulders,Reparto
Cobie Smulders,Producción
Cobie Smulders,Banda sonora
Stellan Skarsgård,Reparto
Stellan Skarsgård,Producción
Stellan Skarsgård,Guion
Ray Winstone,Reparto
Ray Winstone,Producción
Ray Winstone,Banda sonora
Plan B,Music Artist
Plan B,Reparto
Plan B,Guion
Hayley Atwell,Reparto
Hayley Atwell,Banda sonora
Steven Mackintosh,Reparto
Steven Mackintosh,Banda sonora
Paul Anderson,Reparto
Alan Ford,Reparto
Alan Ford,Producción
Damian Lewis,Reparto
Damian Lewis,Producción
Damian Lewis,Banda sonora
Caroline Chikezie,Reparto
Caroline Chikezie,Producción
Allen Leech,Reparto
Allen Leech,Producción
Ronnie Fox,Reparto
Megumi Ogata,Reparto
Megumi Ogata,Música
Megumi Ogata,Banda sonora
Megumi Hayashibara,Reparto
Megumi Hayashibara,Música
Megumi Hayashibara,Banda sonora
Yûko Miyamura,Reparto
Yûko Miyamura,Música
Yûko Miyamura,Equipos adicionales
Maaya Sakamoto,Reparto
Maaya Sakamoto,Música
Maaya Sakamoto,Equipos adicionales
Kotono Mitsuishi,Reparto
Kotono Mitsuishi,Música
Kotono Mitsuishi,Banda sonora
Akira Ishida,Reparto
Yuriko Yamaguchi,Reparto
Yuriko Yamaguchi,Banda sonora
Fumihiko Tachiki,Reparto
Fumihiko Tachiki,Música
Fumihiko Tachiki,Banda sonora
Motomu Kiyokawa,Reparto
Takehito Koyasu,Reparto
Takehito Koyasu,Guion
Takehito Koyasu,Música
Andrew Garfield,Reparto
Andrew Garfield,Producción
Andrew Garfield,Banda sonora
Emma Stone,Reparto
Emma Stone,Producción
Emma Stone,Banda sonora
Rhys Ifans,Reparto
Rhys Ifans,Producción
Rhys Ifans,Banda sonora
Irrfan Khan,Reparto
Irrfan Khan,Dirección
Irrfan Khan,Producción
Denis Leary,Guion
Denis Leary,Reparto
Denis Leary,Producción
Martin Sheen,Reparto
Martin Sheen,Producción
Martin Sheen,Dirección
Sally Field,Reparto
Sally Field,Producción
Sally Field,Dirección
Campbell Scott,Reparto
Campbell Scott,Producción
Campbell Scott,Dirección
Embeth Davidtz,Reparto
Embeth Davidtz,Dirección
Embeth Davidtz,Guion
Chris Zylka,Reparto
Chris Zylka,Producción
Chris Zylka,Dirección
Steve Coogan,Reparto
Steve Coogan,Producción
Steve Coogan,Guion
Colm Meaney,Reparto
Colm Meaney,Producción
Colm Meaney,Banda sonora
Tim Key,Reparto
Tim Key,Equipos adicionales
Tim Key,Guion
Karl Theobald,Reparto
Karl Theobald,Guion
Karl Theobald,Producción
Nigel Lindsay,Reparto
Nigel Lindsay,Banda sonora
Felicity Montagu,Reparto
Felicity Montagu,Dirección
Felicity Montagu,Banda sonora
Dustin Demri-Burns,Reparto
Dustin Demri-Burns,Guion
Dustin Demri-Burns,Dirección
Molly Seymour,Producción
Molly Seymour,Reparto
Molly Seymour,Equipos adicionales
Adam Langstaff,Reparto
Aaron Heffernan,Reparto
Aaron Heffernan,Especialistas
D.J. Foster,Reparto
Leo Taylor,Reparto
Claudia Buttazzoni,Reparto
Jim Daly,Reparto
Dorothy Yu,Reparto
Vince Gill,Producción
Vince Gill,Guion
Vince Gill,Dirección
Christabelle Sved,Reparto
David Robinson,Producción
David Robinson,Reparto
David Robinson,Equipo ejecutivo
David Barry,Producción
David Barry,Reparto
David Barry,Dirección
Laurent Boulanger,Guion
Laurent Boulanger,Reparto
Laurent Boulanger,Dirección
John Rhys-Davies,Reparto
John Rhys-Davies,Sonido
John Rhys-Davies,Producción
David Charvet,Reparto
David Charvet,Banda sonora
Carmen Chaplin,Reparto
Carmen Chaplin,Producción
Carmen Chaplin,Dirección
Emily Holmes,Reparto
Nick Moran,Reparto
Nick Moran,Guion
Nick Moran,Producción
Joss Ackland,Reparto
Joss Ackland,Banda sonora
Michael Higgs,Reparto
Gulshan Grover,Reparto
Gulshan Grover,Música
Mohamed Akhzam,Reparto
Edy Arellano,Reparto
Edy Arellano,Guion
Henry Cavill,Reparto
Henry Cavill,Equipos adicionales
Henry Cavill,Producción
Amy Adams,Reparto
Amy Adams,Producción
Amy Adams,Equipo ejecutivo
Michael Shannon,Reparto
Michael Shannon,Producción
Michael Shannon,Dirección
Diane Lane,Reparto
Diane Lane,Banda sonora
Russell Crowe,Reparto
Russell Crowe,Producción
Russell Crowe,Dirección
Antje Traue,Reparto
Harry Lennix,Reparto
Harry Lennix,Producción
Harry Lennix,Dirección
Richard Schiff,Reparto
Richard Schiff,Dirección
Richard Schiff,Producción
Christopher Meloni,Reparto
Christopher Meloni,Producción
Christopher Meloni,Dirección
Kevin Costner,Reparto
Kevin Costner,Producción
Kevin Costner,Guion
Ryan Reynolds,Reparto
Ryan Reynolds,Producción
Ryan Reynolds,Guion
Jeff Bridges,Reparto
Jeff Bridges,Producción
Jeff Bridges,Arte
Mary-Louise Parker,Reparto
Mary-Louise Parker,Equipos adicionales
Mary-Louise Parker,Banda sonora
Kevin Bacon,Reparto
Kevin Bacon,Producción
Kevin Bacon,Dirección
Stephanie Szostak,Reparto
James Hong,Reparto
James Hong,Producción
James Hong,Guion
Marisa Miller,Reparto
Robert Knepper,Reparto
Robert Knepper,Producción
Robert Knepper,Equipos adicionales
Mike O'Malley,Reparto
Mike O'Malley,Producción
Mike O'Malley,Guion
Devin Ratray,Reparto
Devin Ratray,Guion
Devin Ratray,Producción
Brad Pitt,Producción
Brad Pitt,Reparto
Brad Pitt,Equipo ejecutivo
Mireille Enos,Reparto
Daniella Kertesz,Reparto
James Badge Dale,Reparto
Ludi Boeken,Producción
Ludi Boeken,Reparto
Ludi Boeken,Dirección
Matthew Fox,Reparto
Matthew Fox,Dirección
Matthew Fox,Producción
Fana Mokoena,Reparto
David Morse,Reparto
David Morse,Producción
David Morse,Dirección
Elyes Gabel,Reparto
Elyes Gabel,Dirección
Elyes Gabel,Producción
Peter Capaldi,Reparto
Peter Capaldi,Dirección
Peter Capaldi,Producción
Christopher Walken,Reparto
Christopher Walken,Producción
Christopher Walken,Equipos adicionales
Juvenile,Reparto
Juvenile,Música
Juvenile,Composición
Christian Slater,Reparto
Christian Slater,Producción
Christian Slater,Dirección
Q'orianka Kilcher,Reparto
Q'orianka Kilcher,Producción
Q'orianka Kilcher,Dirección
Anthony Anderson,Reparto
Anthony Anderson,Producción
Anthony Anderson,Guion
Fisher Ashworth,Reparto
Devon Gearhart,Reparto
Tione Johnson,Reparto
Xihuaru Kilcher,Reparto
Xihuaru Kilcher,Especialistas
Xihuaru Kilcher,Equipos adicionales
Larry King,Producción
Larry King,Reparto
Larry King,Dirección
Amanda Seyfried,Reparto
Amanda Seyfried,Producción
Amanda Seyfried,Banda sonora
Josh Hutcherson,Reparto
Josh Hutcherson,Producción
Josh Hutcherson,Dirección
Beyoncé,Music Artist
Beyoncé,Reparto
Beyoncé,Música
Colin Farrell,Reparto
Colin Farrell,Producción
Colin Farrell,Dirección
Blake Anderson,Reparto
Blake Anderson,Guion
Blake Anderson,Producción
Aziz Ansari,Reparto
Aziz Ansari,Guion
Aziz Ansari,Producción
Allison Bills,Reparto
Allison Bills,Guion
Jim Conroy,Reparto
Jim Conroy,Guion
Jim Conroy,Equipos adicionales
Todd Cummings,Reparto
John DiMaggio,Reparto
John DiMaggio,Música
John DiMaggio,Producción
Dwayne Johnson,Reparto
Dwayne Johnson,Producción
Dwayne Johnson,Guion
Susan Sarandon,Reparto
Susan Sarandon,Producción
Susan Sarandon,Equipos adicionales
Jon Bernthal,Reparto
Jon Bernthal,Producción
Jon Bernthal,Equipos adicionales
Rafi Gavron,Reparto
Rafi Gavron,Especialistas
Rafi Gavron,Banda sonora
Barry Pepper,Reparto
Barry Pepper,Producción
Barry Pepper,Equipo ejecutivo
Michael Kenneth Williams,Reparto
Michael Kenneth Williams,Producción
Michael Kenneth Williams,Equipos adicionales
Melina Kanakaredes,Reparto
Melina Kanakaredes,Guion
Melina Kanakaredes,Producción
Nadine Velazquez,Reparto
Nadine Velazquez,Producción
Nadine Velazquez,Equipos adicionales
Benjamin Bratt,Reparto
Benjamin Bratt,Producción
Benjamin Bratt,Dirección
Lela Loren,Reparto
Sean Bean,Reparto
Sean Bean,Producción
Sean Bean,Animación
Charles Dance,Reparto
Charles Dance,Producción
Charles Dance,Dirección
Rupert Grint,Reparto
Rupert Grint,Producción
Rupert Grint,Banda sonora
James D'Arcy,Reparto
James D'Arcy,Dirección
James D'Arcy,Guion
Jason Flemyng,Reparto
Jason Flemyng,Producción
Jason Flemyng,Dirección
Sam Spruell,Reparto
Sam Spruell,Dirección
Sam Spruell,Guion
Neil Maskell,Reparto
Neil Maskell,Dirección
Neil Maskell,Guion
Dave Legeno,Reparto
Dave Legeno,Guion
Liam Neeson,Reparto
Liam Neeson,Producción
Liam Neeson,Banda sonora
Dan Stevens,Reparto
Dan Stevens,Producción
Dan Stevens,Banda sonora
David Harbour,Reparto
David Harbour,Producción
David Harbour,Banda sonora
Boyd Holbrook,Reparto
Boyd Holbrook,Producción
Boyd Holbrook,Guion
Maurice Compte,Reparto
Maurice Compte,Producción
Maurice Compte,Dirección
Patrick McDade,Reparto
Patrick McDade,Equipo ejecutivo
Luciano Acuna Jr.,Especialistas
Luciano Acuna Jr.,Reparto
Hans Marrero,Especialistas
Hans Marrero,Reparto
Hans Marrero,Guion
Laura Birn,Reparto
Laura Birn,Guion
Laura Birn,Producción
Adam David Thompson,Reparto
Adam David Thompson,Producción
Sonakshi Sinha,Reparto
Sonakshi Sinha,Música
Sonakshi Sinha,Vestuario
Ajay Devgn,Reparto
Ajay Devgn,Producción
Ajay Devgn,Dirección
Prabhas,Reparto
Shahid Kapoor,Reparto
Shahid Kapoor,Dirección de la segunda unidad o asistencia a dirección
Shahid Kapoor,Música
Yami Gautam,Reparto
Natasa Stankovic,Reparto
Prabhu Deva,Reparto
Prabhu Deva,Equipos adicionales
Prabhu Deva,Dirección
Rajesh Khattar,Reparto
Rajesh Khattar,Equipos adicionales
Rajesh Khattar,Guion
Byron Gibson,Reparto
Byron Gibson,Especialistas
Byron Gibson,Producción
Manasvi Mamgai,Reparto
Manasvi Mamgai,Producción
Denzel Washington,Reparto
Denzel Washington,Producción
Denzel Washington,Dirección
Marton Csokas,Reparto
Marton Csokas,Banda sonora
Chloë Grace Moretz,Reparto
Chloë Grace Moretz,Producción
Chloë Grace Moretz,Banda sonora
David Harbour,Reparto
David Harbour,Producción
David Harbour,Banda sonora
Haley Bennett,Reparto
Haley Bennett,Producción
Haley Bennett,Banda sonora
Bill Pullman,Reparto
Bill Pullman,Dirección
Bill Pullman,Producción
Melissa Leo,Reparto
Melissa Leo,Producción
David Meunier,Reparto
David Meunier,Localización
Johnny Skourtis,Reparto
Johnny Skourtis,Transporte
Alex Veadov,Reparto
Alex Veadov,Equipos adicionales
Alex Veadov,Dirección
Mickey Rourke,Reparto
Mickey Rourke,Guion
Mickey Rourke,Producción
Jessica Alba,Reparto
Jessica Alba,Producción
Jessica Alba,Dirección de fotografía y cámara
Josh Brolin,Reparto
Josh Brolin,Producción
Josh Brolin,Dirección
Joseph Gordon-Levitt,Reparto
Joseph Gordon-Levitt,Producción
Joseph Gordon-Levitt,Guion
Rosario Dawson,Reparto
Rosario Dawson,Producción
Rosario Dawson,Dirección
Bruce Willis,Reparto
Bruce Willis,Producción
Bruce Willis,Guion
Eva Green,Reparto
Eva Green,Producción
Eva Green,Equipos adicionales
Powers Boothe,Reparto
Powers Boothe,Banda sonora
Dennis Haysbert,Reparto
Dennis Haysbert,Producción
Dennis Haysbert,Dirección
Ray Liotta,Reparto
Ray Liotta,Producción
Ray Liotta,Banda sonora
Dilip Tadeshwar,Reparto
Rakhi Sawant,Reparto
Rakhi Sawant,Dirección
Rakhi Sawant,Maquillaje
Donny Kapoor,Reparto
Rakesh Bedi,Reparto
Rakesh Bedi,Dirección
Rakesh Bedi,Guion
Javed Khan Amrohi,Reparto
Javed Khan Amrohi,Banda sonora
Vishwajeet Pradhan,Reparto
Raza Murad,Reparto
Raza Murad,Música
Raza Murad,Sonido
Geeta Nishad,Reparto
Shubhangi,Reparto
Ramesh Goyal,Reparto
Ramesh Goyal,Equipos adicionales
Blanche Baker,Reparto
Blanche Baker,Guion
Blanche Baker,Producción
Bo Svenson,Reparto
Bo Svenson,Guion
Bo Svenson,Producción
Christopher Mann,Reparto
Christopher Mann,Producción
Sal Mazzotta,Reparto
Sal Mazzotta,Guion
Sal Mazzotta,Producción
Maria Soccor,Reparto
Maria Soccor,Producción
Maria Soccor,Dirección
Johnny Williams,Reparto
Johnny Williams,Guion
Johnny Williams,Producción
Jerry Lyden,Reparto
Steve Giambattista,Reparto
T.J. Glenn,Arte
T.J. Glenn,Reparto
T.J. Glenn,Especialistas
Brian Anthony Wilson,Reparto
Brian Anthony Wilson,Producción
Luke Evans,Reparto
Luke Evans,Producción
Luke Evans,Banda sonora
Dominic Cooper,Reparto
Dominic Cooper,Producción
Dominic Cooper,Banda sonora
Sarah Gadon,Reparto
Sarah Gadon,Dirección
Sarah Gadon,Producción
Art Parkinson,Reparto
Charles Dance,Reparto
Charles Dance,Producción
Charles Dance,Dirección
Diarmaid Murtagh,Reparto
Paul Kaye,Reparto
Paul Kaye,Guion
Paul Kaye,Composición
William Houston,Reparto
William Houston,Banda sonora
Noah Huntley,Reparto
Noah Huntley,Producción
Noah Huntley,Guion
Ronan Vibert,Reparto
Aaron Taylor-Johnson,Reparto
Aaron Taylor-Johnson,Producción
Aaron Taylor-Johnson,Guion
Elizabeth Olsen,Reparto
Elizabeth Olsen,Producción
Elizabeth Olsen,Banda sonora
Bryan Cranston,Reparto
Bryan Cranston,Producción
Bryan Cranston,Guion
Ken Watanabe,Reparto
Ken Watanabe,Producción
Ken Watanabe,Equipos adicionales
CJ Adams,Reparto
Carson Bolde,Reparto
Sally Hawkins,Reparto
Sally Hawkins,Guion
Sally Hawkins,Producción
Juliette Binoche,Reparto
Juliette Binoche,Arte
Juliette Binoche,Equipos adicionales
David Strathairn,Reparto
David Strathairn,Producción
David Strathairn,Equipos adicionales
Richard T. Jones,Reparto
Richard T. Jones,Producción
Richard T. Jones,Guion
Megalyn Echikunwoke,Reparto
Megalyn Echikunwoke,Producción
Megalyn Echikunwoke,Dirección
Chloë Sevigny,Reparto
Chloë Sevigny,Dirección
Chloë Sevigny,Guion
Patricia Arquette,Reparto
Patricia Arquette,Producción
Patricia Arquette,Dirección
Oz Perkins,Reparto
Oz Perkins,Guion
Oz Perkins,Dirección
Isabel Lucas,Reparto
Isabel Lucas,Producción
Constance Wu,Reparto
Constance Wu,Producción
Constance Wu,Dirección
Vinessa Shaw,Reparto
Vinessa Shaw,Dirección
Vinessa Shaw,Producción
Christopher Lambert,Reparto
Christopher Lambert,Producción
Christopher Lambert,Guion
Kate Micucci,Reparto
Kate Micucci,Guion
Kate Micucci,Producción
Jim Sturgess,Reparto
Jim Sturgess,Música
Jim Sturgess,Banda sonora
Chris Pratt,Reparto
Chris Pratt,Producción
Chris Pratt,Equipos adicionales
Bryce Dallas Howard,Reparto
Bryce Dallas Howard,Dirección
Bryce Dallas Howard,Producción
Ty Simpkins,Reparto
Ty Simpkins,Producción
Judy Greer,Reparto
Judy Greer,Producción
Judy Greer,Dirección
Irrfan Khan,Reparto
Irrfan Khan,Dirección
Irrfan Khan,Producción
Vincent D'Onofrio,Reparto
Vincent D'Onofrio,Producción
Vincent D'Onofrio,Dirección
Nick Robinson,Reparto
Nick Robinson,Producción
Nick Robinson,Banda sonora
Jake Johnson,Reparto
Jake Johnson,Producción
Jake Johnson,Guion
Omar Sy,Reparto
Omar Sy,Producción
Omar Sy,Guion
BD Wong,Reparto
BD Wong,Dirección
BD Wong,Banda sonora
Paul Rudd,Reparto
Paul Rudd,Producción
Paul Rudd,Guion
Michael Douglas,Reparto
Michael Douglas,Producción
Michael Douglas,Dirección
Corey Stoll,Reparto
Corey Stoll,Equipos adicionales
Evangeline Lilly,Reparto
Evangeline Lilly,Banda sonora
Bobby Cannavale,Reparto
Bobby Cannavale,Guion
Bobby Cannavale,Producción
Anthony Mackie,Reparto
Anthony Mackie,Producción
Anthony Mackie,Dirección
Judy Greer,Reparto
Judy Greer,Producción
Judy Greer,Dirección
Abby Ryder Fortson,Reparto
Abby Ryder Fortson,Banda sonora
Michael Peña,Reparto
Michael Peña,Producción
Michael Peña,Banda sonora
David Dastmalchian,Reparto
David Dastmalchian,Guion
David Dastmalchian,Producción
Scott Thomas,Reparto
Scott Thomas,Dirección
Scott Thomas,Guion
Matt Torpey,Reparto
Matt Torpey,Guion
Matt Torpey,Producción
Amitabh Bachchan,Reparto
Amitabh Bachchan,Producción
Amitabh Bachchan,Guion
Farhan Akhtar,Producción
Farhan Akhtar,Guion
Farhan Akhtar,Dirección de arte
Aditi Rao Hydari,Reparto
Aditi Rao Hydari,Música
John Abraham,Reparto
John Abraham,Producción
John Abraham,Música
Manav Kaul,Reparto
Manav Kaul,Dirección
Manav Kaul,Guion
Neil Nitin Mukesh,Reparto
Neil Nitin Mukesh,Música
Neil Nitin Mukesh,Guion
Anjumm Shharma,Reparto
Prakash Belawadi,Reparto
Prakash Belawadi,Guion
Prakash Belawadi,Dirección
Murli Sharma,Reparto
Nasir Khan,Reparto
Nasir Khan,Maquillaje
Sonia Albizuri,Reparto
Sonia Albizuri,Guion
Dev Anand,Reparto
Dev Anand,Producción
Dev Anand,Dirección
Bob Christo,Reparto
Roopa Ganguly,Reparto
Roopa Ganguly,Música
Roopa Ganguly,Producción
Jaaved Jaaferi,Reparto
Jaaved Jaaferi,Música
Jaaved Jaaferi,Producción
Anup Jalota,Music Artist
Anup Jalota,Música
Anup Jalota,Reparto
Kader Khan,Reparto
Kader Khan,Guion
Kader Khan,Producción
Kiran Kumar,Reparto
Hema Malini,Reparto
Hema Malini,Producción
Hema Malini,Dirección
Aashif Sheikh,Reparto
John Cusack,Reparto
John Cusack,Producción
John Cusack,Guion
Samuel L. Jackson,Reparto
Samuel L. Jackson,Producción
Samuel L. Jackson,Equipos adicionales
Isabelle Fuhrman,Reparto
Isabelle Fuhrman,Producción
Isabelle Fuhrman,Guion
Clark Sarullo,Reparto
Clark Sarullo,Guion
Clark Sarullo,Producción
Ethan Andrew Casto,Reparto
Owen Teague,Reparto
Stacy Keach,Reparto
Stacy Keach,Producción
Stacy Keach,Dirección
Joshua Mikel,Reparto
Joshua Mikel,Arte
Joshua Mikel,Dirección
Anthony Reynolds,Reparto
Anthony Reynolds,Guion
Anthony Reynolds,Producción
Erin Elizabeth Burns,Reparto
Travis Fimmel,Reparto
Travis Fimmel,Producción
Paula Patton,Reparto
Paula Patton,Producción
Paula Patton,Equipos adicionales
Ben Foster,Reparto
Ben Foster,Producción
Ben Foster,Dirección
Dominic Cooper,Reparto
Dominic Cooper,Producción
Dominic Cooper,Banda sonora
Toby Kebbell,Reparto
Ben Schnetzer,Reparto
Robert Kazinsky,Reparto
Robert Kazinsky,Producción
Robert Kazinsky,Banda sonora
Clancy Brown,Reparto
Clancy Brown,Producción
Clancy Brown,Banda sonora
Daniel Wu,Reparto
Daniel Wu,Producción
Daniel Wu,Dirección
Ruth Negga,Reparto
Ruth Negga,Producción
Ruth Negga,Banda sonora
Allie Marie Evans,Reparto
Patrick Johnson,Reparto
Patrick Johnson,Cámara y electricidad
Patrick Johnson,Producción
Lyliana Wray,Reparto
Luke Gregory Crosby,Reparto
Luke Gregory Crosby,Especialistas
Luke Gregory Crosby,Guion
Gavin Lewis,Reparto
Tetona Jackson,Reparto
Zayne Emory,Reparto
Carrie Alexander,Reparto
Lillie Jacobs,Reparto
Lillie Jacobs,Banda sonora
Zander Faden,Reparto
Zander Faden,Equipos adicionales
Zander Faden,Banda sonora
Alexander Skarsgård,Reparto
Alexander Skarsgård,Producción
Alexander Skarsgård,Dirección
Rory J Saper,Reparto
Rory J Saper,Producción
Rory J Saper,Banda sonora
Christian Stevens,Reparto
Christoph Waltz,Reparto
Christoph Waltz,Producción
Christoph Waltz,Dirección
Samuel L. Jackson,Reparto
Samuel L. Jackson,Producción
Samuel L. Jackson,Equipos adicionales
Margot Robbie,Reparto
Margot Robbie,Producción
Margot Robbie,Equipo ejecutivo
Sidney Ralitsoele,Reparto
Osy Ikhile,Reparto
Mens-Sana Tamakloe,Especialistas
Mens-Sana Tamakloe,Reparto
Mens-Sana Tamakloe,Dirección
Antony Acheampong,Reparto
Antony Acheampong,Producción
Antony Acheampong,Dirección
Gal Gadot,Reparto
Gal Gadot,Producción
Gal Gadot,Banda sonora
Chris Pine,Reparto
Chris Pine,Producción
Chris Pine,Guion
Robin Wright,Reparto
Robin Wright,Producción
Robin Wright,Dirección
Lucy Davis,Reparto
Lucy Davis,Producción
Lucy Davis,Guion
Connie Nielsen,Reparto
Connie Nielsen,Producción
Connie Nielsen,Guion
Danny Huston,Reparto
Danny Huston,Dirección
Danny Huston,Cámara y electricidad
David Thewlis,Reparto
David Thewlis,Guion
David Thewlis,Dirección
Saïd Taghmaoui,Reparto
Ewen Bremner,Reparto
Ewen Bremner,Producción
Ewen Bremner,Composición
Eugene Brave Rock,Reparto
Eugene Brave Rock,Especialistas
Eugene Brave Rock,Producción
Michael Peña,Reparto
Michael Peña,Producción
Michael Peña,Banda sonora
Dax Shepard,Podcastero
Dax Shepard,Reparto
Dax Shepard,Producción
Vincent D'Onofrio,Reparto
Vincent D'Onofrio,Producción
Vincent D'Onofrio,Dirección
Rosa Salazar,Reparto
Rosa Salazar,Producción
Rosa Salazar,Dirección
Jessica McNamee,Reparto
Jessica McNamee,Equipo ejecutivo
Adam Brody,Reparto
Adam Brody,Producción
Adam Brody,Guion
Isiah Whitlock Jr.,Reparto
Isiah Whitlock Jr.,Guion
Isiah Whitlock Jr.,Equipos adicionales
Richard T. Jones,Reparto
Richard T. Jones,Producción
Richard T. Jones,Guion
Ryan Hansen,Reparto
Ryan Hansen,Producción
Ryan Hansen,Dirección de fotografía y cámara
Jane Kaczmarek,Reparto
Jane Kaczmarek,Banda sonora
Ben Affleck,Producción
Ben Affleck,Reparto
Ben Affleck,Guion
Gal Gadot,Reparto
Gal Gadot,Producción
Gal Gadot,Banda sonora
Jason Momoa,Reparto
Jason Momoa,Producción
Jason Momoa,Guion
Ezra Miller,Reparto
Ezra Miller,Producción
Ezra Miller,Dirección
Henry Cavill,Reparto
Henry Cavill,Equipos adicionales
Henry Cavill,Producción
Amy Adams,Reparto
Amy Adams,Producción
Amy Adams,Equipo ejecutivo
Ray Fisher,Reparto
Jeremy Irons,Reparto
Jeremy Irons,Producción
Jeremy Irons,Dirección
Diane Lane,Reparto
Diane Lane,Banda sonora
Connie Nielsen,Reparto
Connie Nielsen,Producción
Connie Nielsen,Guion
Mateo d'Amato,Reparto
Al Patrick Jo,Reparto
William Perry,Reparto
Teddy Valdes,Reparto
Olivia Washington,Reparto
Kingsley Yeboah,Reparto
Kingsley Yeboah,Dirección
Kingsley Yeboah,Guion
Melissa Lopez,Reparto
Yash Kadam,Reparto
Sanjay Khapre,Reparto
Upendra Limaye,Reparto
Savita Malpekar,Reparto
Triyug Mantri,Reparto
Priyanka Nagare,Reparto
Vijay Nikam,Reparto
Neha Pendse,Reparto
Neha Pendse,Producción
Sayaji Shinde,Reparto
Sayaji Shinde,Producción
Sunil Tawade,Reparto
Varun Bhansali,Reparto
Brandon Denton,Reparto
Brandon Denton,Dirección
Brandon Denton,Dirección de fotografía y cámara
Sam James,Reparto
Paige Louise-Evans,Reparto
Nathan McInnes,Dirección
Nathan McInnes,Reparto
Nathan McInnes,Guion
Morgan Price,Equipos adicionales
Morgan Price,Producción
Morgan Price,Dirección
Michael Rowland,Reparto
Zak Turner,Reparto
Sebastian Williams,Reparto
Sebastian Williams,Equipos adicionales
Sebastian Williams,Música
Richard Bradford,Reparto
Ron Randell,Reparto
Anton Rodgers,Reparto
Anton Rodgers,Banda sonora
Norman Rossington,Reparto
Yôko Tani,Reparto
Miriam Macip,Reparto
Nathan Streifel,Reparto
Nathan Streifel,Guion
Nathan Streifel,Edición
Lupu Pick,Reparto
Lupu Pick,Dirección
Lupu Pick,Producción
Edith Posca,Reparto
Johannes Riemann,Reparto
Johannes Riemann,Dirección
Johannes Riemann,Guion
Fritz Schulz,Reparto
Fritz Schulz,Dirección
Fritz Schulz,Composición
Albert Patry,Reparto
Eduard Rothauser,Reparto
Eduard Rothauser,Dirección
Eduard Rothauser,Guion
Bernhard Goetzke,Reparto
Rudolf Klein-Rhoden,Reparto
Rudolf Klein-Rhoden,Dirección
Rudolf Klein-Rhoden,Producción
Paul Biensfeldt,Reparto
Emilie Kurz,Reparto
Rosa Salazar,Reparto
Rosa Salazar,Producción
Rosa Salazar,Dirección
Christoph Waltz,Reparto
Christoph Waltz,Producción
Christoph Waltz,Dirección
Jennifer Connelly,Reparto
Jennifer Connelly,Producción
Mahershala Ali,Reparto
Mahershala Ali,Producción
Ed Skrein,Reparto
Ed Skrein,Dirección
Ed Skrein,Guion
Jackie Earle Haley,Reparto
Jackie Earle Haley,Dirección
Jackie Earle Haley,Guion
Keean Johnson,Reparto
Keean Johnson,Banda sonora
Jorge Lendeborg Jr.,Reparto
Jorge Lendeborg Jr.,Banda sonora
Lana Condor,Reparto
Lana Condor,Producción
Lana Condor,Banda sonora
Idara Victor,Reparto
Travis Fimmel,Reparto
Travis Fimmel,Producción
Toby Blome,Reparto
Alexander England,Reparto
Aaron Glenane,Reparto
Aaron Glenane,Guion
Aaron Glenane,Dirección
Uli Latukefu,Reparto
Rihari Te Are,Reparto
Luke Bracey,Reparto
Luke Bracey,Producción
Sean McCarthy,Reparto
Sean McCarthy,Composición
Mojean Aria,Reparto
Mojean Aria,Producción
Mojean Aria,Guion
Ryan Hance,Reparto
Ryan Hance,Dirección
Ryan Hance,Guion
Zachary Levi,Reparto
Zachary Levi,Producción
Zachary Levi,Dirección
Mark Strong,Reparto
Mark Strong,Producción
Asher Angel,Reparto
Asher Angel,Banda sonora
Asher Angel,Producción
Jack Dylan Grazer,Reparto
Jack Dylan Grazer,Producción
Jack Dylan Grazer,Banda sonora
Adam Brody,Reparto
Adam Brody,Producción
Adam Brody,Guion
Djimon Hounsou,Reparto
Djimon Hounsou,Producción
Djimon Hounsou,Dirección
Faithe Herman,Reparto
Meagan Good,Reparto
Meagan Good,Producción
Meagan Good,Dirección
Grace Caroline Currey,Reparto
Grace Caroline Currey,Dirección
Grace Caroline Currey,Producción
Michelle Borth,Reparto
Michelle Borth,Dirección
Michelle Borth,Producción
Xavier Hale,Reparto
Xavier Hale,Dirección
Xavier Hale,Guion
Errol Parker II,Guion
Errol Parker II,Reparto
Errol Parker II,Producción
Cary-Hiroyuki Tagawa,Reparto
Cary-Hiroyuki Tagawa,Producción
Cary-Hiroyuki Tagawa,Equipos adicionales
Quinton 'Rampage' Jackson,Reparto
Quinton 'Rampage' Jackson,Producción
Hector Echavarria,Reparto
Hector Echavarria,Producción
Hector Echavarria,Guion
Isaac C. Singleton Jr.,Episodio del podcast
Isaac C. Singleton Jr.,2022
Eric Laciste,Reparto
Eric Laciste,Producción
Eric Laciste,Equipos adicionales
Garret Sato,Reparto
Garret Sato,Equipo ejecutivo
Garret Sato,Especialistas
Kylee Lehe,Reparto
Kylee Lehe,Guion
Kylee Lehe,Producción
Rigan Machado,Reparto
Rigan Machado,Producción
Rigan Machado,Especialistas
Sam Sarpong,Reparto
Sam Sarpong,Producción
Sam Sarpong,Guion
Nicole Sherwin,Reparto
Nicole Sherwin,Producción
Nicole Sherwin,Equipos adicionales
Sean Gray,Guion
Sean Gray,Dirección
Sean Gray,Producción
Chris Blasman,Reparto
Chris Blasman,Efectos especiales
Renee Dorian,Reparto
Renee Dorian,Producción
Renee Dorian,Guion
Michael Buffo,Dirección
Michael Buffo,Producción
Michael Buffo,Reparto
Amanda Wing,Reparto
Amanda Wing,Producción
Matt Lasky,Reparto
Matt Lasky,Especialistas
Matt Lasky,Producción
Mike Saad,Reparto
Mike Saad,Guion
Mike Saad,Producción
Buddy Daniels Friedman,Reparto
Buddy Daniels Friedman,Dirección de la segunda unidad o asistencia a dirección
Buddy Daniels Friedman,Producción
Holt Boggs,Reparto
Holt Boggs,Dirección
Holt Boggs,Guion
Matthew Prater,Producción
Matthew Prater,Dirección
Matthew Prater,Guion
Michael Peña,Reparto
Michael Peña,Producción
Michael Peña,Banda sonora
Maggie Q,Reparto
Maggie Q,Producción
Lucy Hale,Reparto
Lucy Hale,Producción
Lucy Hale,Banda sonora
Austin Stowell,Reparto
Austin Stowell,Producción
Austin Stowell,Banda sonora
Jimmy O. Yang,Reparto
Jimmy O. Yang,Guion
Jimmy O. Yang,Producción
Portia Doubleday,Reparto
Portia Doubleday,Producción
Portia Doubleday,Banda sonora
Ryan Hansen,Reparto
Ryan Hansen,Producción
Ryan Hansen,Dirección de fotografía y cámara
Michael Rooker,Reparto
Michael Rooker,Producción
Michael Rooker,Dirección
Parisa Fitz-Henley,Reparto
Parisa Fitz-Henley,Producción
Mike Vogel,Reparto
Mike Vogel,Producción
Mike Vogel,Banda sonora
Elena Emelyanova,Reparto
Elena Emelyanova,Dirección
Elena Emelyanova,Guion
Alexey Ivankov,Reparto
Nikolay Mulakov,Reparto
Lucie Debay,Reparto
Lucie Debay,Guion
Arieh Worthalter,Reparto
Arieh Worthalter,Música
Ciaran O'Brien,Reparto
Ryan Brodie,Reparto
Simone Milsdochter,Reparto
Mikael Sladden,Reparto
Mikael Sladden,Dirección
Mikael Sladden,Producción
Bruce Ellison,Reparto
Gilles Vandeweerd,Reparto
Leila Putcuips,Reparto
Clélia Zanini,Reparto
Lewis Tan,Reparto
Lewis Tan,Dirección
Lewis Tan,Especialistas
Jessica McNamee,Reparto
Jessica McNamee,Equipo ejecutivo
Josh Lawson,Reparto
Josh Lawson,Guion
Josh Lawson,Dirección
Joe Taslim,Reparto
Mehcad Brooks,Reparto
Mehcad Brooks,Producción
Mehcad Brooks,Dirección de la segunda unidad o asistencia a dirección
Matilda Kimber,Reparto
Laura Brent,Reparto
Laura Brent,Composición
Tadanobu Asano,Reparto
Tadanobu Asano,Dirección
Tadanobu Asano,Composición
Hiroyuki Sanada,Reparto
Hiroyuki Sanada,Producción
Hiroyuki Sanada,Música
Chin Han,Reparto
Chin Han,Producción
Michael B. Jordan,Reparto
Michael B. Jordan,Producción
Michael B. Jordan,Dirección
Jodie Turner-Smith,Reparto
Jodie Turner-Smith,Producción
Jamie Bell,Reparto
Jamie Bell,Producción
Jamie Bell,Guion
Guy Pearce,Reparto
Guy Pearce,Producción
Guy Pearce,Banda sonora
Lauren London,Reparto
Lauren London,Banda sonora
Jacob Scipio,Reparto
Jacob Scipio,Guion
Todd Lasance,Reparto
Jack Kesy,Reparto
Jack Kesy,Producción
Lucy Russell,Reparto
Lucy Russell,Producción
Cam Gigandet,Reparto
Cam Gigandet,Banda sonora
Gael García Bernal,Reparto
Gael García Bernal,Producción
Gael García Bernal,Guion
Kiersey Clemons,Reparto
Kiersey Clemons,Producción
Kiersey Clemons,Banda sonora
Dwayne Johnson,Reparto
Dwayne Johnson,Producción
Dwayne Johnson,Guion
Emily Blunt,Reparto
Emily Blunt,Producción
Emily Blunt,Equipos adicionales
Edgar Ramírez,Reparto
Edgar Ramírez,Producción
Edgar Ramírez,Dirección de la segunda unidad o asistencia a dirección
Jack Whitehall,Reparto
Jack Whitehall,Guion
Jack Whitehall,Producción
Jesse Plemons,Reparto
Jesse Plemons,Música
Jesse Plemons,Producción
Paul Giamatti,Reparto
Paul Giamatti,Producción
Paul Giamatti,Dirección
Veronica Falcón,Reparto
Veronica Falcón,Dirección
Veronica Falcón,Guion
Dani Rovira,Reparto
Dani Rovira,Guion
Dani Rovira,Dirección
Quim Gutiérrez,Reparto
Quim Gutiérrez,Banda sonora
Dan Dargan Carter,Especialistas
Dan Dargan Carter,Reparto
Dan Dargan Carter,Cámara y electricidad
Dave Bautista,Reparto
Dave Bautista,Producción
Dave Bautista,Equipos adicionales
Ella Purnell,Reparto
Ella Purnell,Producción
Ella Purnell,Dirección
Ana de la Reguera,El episodio se emitió el 2011
Omari Hardwick,Reparto
Omari Hardwick,Producción
Omari Hardwick,Guion
Theo Rossi,Reparto
Theo Rossi,Producción
Theo Rossi,Guion
Matthias Schweighöfer,Reparto
Matthias Schweighöfer,Producción
Matthias Schweighöfer,Dirección
Nora Arnezeder,Reparto
Nora Arnezeder,Banda sonora
Hiroyuki Sanada,Reparto
Hiroyuki Sanada,Producción
Hiroyuki Sanada,Música
Garret Dillahunt,Reparto
Garret Dillahunt,Producción
Garret Dillahunt,Dirección
Tig Notaro,Reparto
Tig Notaro,Guion
Tig Notaro,Producción
Davy Williams,Reparto
Davy Williams,Producción
Davy Williams,Guion
Sean Eden Yi,Reparto
Sean Eden Yi,Especialistas
Sean Eden Yi,Producción
Jeff McDonald,Reparto
Jeff McDonald,Dirección
Jeff McDonald,Producción
Daniela Brown,Reparto
June Lee,Reparto
June Lee,Producción
Rezzan Denizmen,Reparto
Rezzan Denizmen,Producción
Jeanine Harrington,Reparto
Jeanine Harrington,Producción
Crystal J. Huang,Reparto
Crystal J. Huang,Producción
Crystal J. Huang,Dirección
Jerimiyah Dunbar,Reparto
Sophia Jiang,Producción
Sophia Jiang,Reparto
Paul Agusta,Reparto
Paul Agusta,Dirección
Paul Agusta,Guion
Farell Akbar,Reparto
Tubagus Ali,Reparto
Arzendra Arzendra,Reparto
Putri Ayudya,Reparto
Putri Ayudya,Producción
Putri Ayudya,Dirección
Bisma Bisma,Reparto
Bisma Bisma,Composición
Bernadette Bonita,Reparto
Dan Daniel,Dirección
Dan Daniel,Producción
Dan Daniel,Reparto
Salvita Decorte,Reparto
Egy Fedly,Reparto
Ken Thomas,Reparto
Ramona Rieger,Reparto
Lee Anthony,Reparto
Lee Anthony,Dirección
Lee Anthony,Efectos visuales
Stefan Bluth,Reparto
Stefan Bluth,Especialistas
Stefan Bluth,Producción
Simon Schneider,Dirección de fotografía y cámara
Simon Schneider,Dirección
Simon Schneider,Cámara y electricidad
Niels Becker,Reparto
Stefanie Heide,Reparto
Stefanie Heide,Cámara y electricidad
Stefanie Heide,Localización
Yvo René Scharf,Reparto
Yvo René Scharf,Guion
Yvo René Scharf,Producción
Antonella Patitucci,Reparto
David B. Meadows,Reparto
David B. Meadows,Producción
Rebecca Lambrusco,Reparto
Jack Kennedy,Reparto
Jack Kennedy,Guion
Jack Kennedy,Producción
Shannon Prior,Reparto
Arun Vijay,Reparto
Arun Vijay,Música
Arun Vijay,Banda sonora
Vamsi Krishna,Reparto
Vamsi Krishna,Dirección
Karthika Nair,Reparto
Karthika Nair,Producción
Suruli,2017
Suruli,2h 14min
Rizky Nazar,Reparto
Rizky Nazar,Banda sonora
Yasmin Napper,Reparto
Omar Daniel,Reparto
Ali Fikry,Reparto
Ali Fikry,Banda sonora
Edward Akbar,Reparto
Sigi Wimala,Reparto
Sigi Wimala,Guion
Sigi Wimala,Producción
Yatti Surachman,Reparto
Yayan Ruhian,Reparto
Yayan Ruhian,Equipos adicionales
Yayan Ruhian,Especialistas
Cecep Arif Rahman,Reparto
Cecep Arif Rahman,Especialistas
Jerome Kurnia,Reparto
Felix Kammerer,Reparto
Albrecht Schuch,Reparto
Aaron Hilmer,Reparto
Moritz Klaus,Reparto
Adrian Grünewald,Reparto
Edin Hasanovic,Reparto
Edin Hasanovic,Banda sonora
Daniel Brühl,Reparto
Daniel Brühl,Producción
Daniel Brühl,Dirección
Thibault de Montalembert,Reparto
Devid Striesow,Reparto
Andreas Döhler,Reparto
Vinnie Jones,Reparto
Vinnie Jones,Producción
Vinnie Jones,Banda sonora
Lina Lecompte,Reparto
Lina Lecompte,Banda sonora
Glenn Ennis,Especialistas
Glenn Ennis,Reparto
Glenn Ennis,Guion
James Clayton,Reparto
James Clayton,Dirección
James Clayton,Producción
Philip Granger,Reparto
Philip Granger,Producción
Philip Granger,Dirección
Lori Triolo,Reparto
Lori Triolo,Equipos adicionales
Lori Triolo,Producción
Michael Mitton,Reparto
Michael Mitton,Guion
Michael Mitton,Producción
Danny Mac,Reparto
Janvier Katabarwa,Reparto
Janvier Katabarwa,Especialistas
Janvier Katabarwa,Producción
Shaw Madson,Reparto
Shaw Madson,Especialistas
Shaw Madson,Equipos adicionales
Yui Shibata,Producción
Yui Shibata,Reparto
Johnny Fontane,Casting
Johnny Fontane,Dirección de casting
Johnny Fontane,Producción
Rome Romanne,Reparto
Rome Romanne,Dirección
Rome Romanne,Guion
Elmor C Garlitos,Reparto
Elmor C Garlitos,Guion
Elmor C Garlitos,Producción
Tais Pikula,Reparto
Danny Zale,Reparto
Ezra Miller,Reparto
Ezra Miller,Producción
Ezra Miller,Dirección
Michael Keaton,Reparto
Michael Keaton,Equipos adicionales
Michael Keaton,Producción
Sasha Calle,Reparto
Sasha Calle,Música
Michael Shannon,Reparto
Michael Shannon,Producción
Michael Shannon,Dirección
Ron Livingston,Reparto
Ron Livingston,Cámara y electricidad
Ron Livingston,Producción
Maribel Verdú,Reparto
Maribel Verdú,Banda sonora
Kiersey Clemons,Reparto
Kiersey Clemons,Producción
Kiersey Clemons,Banda sonora
Jeremy Irons,Reparto
Jeremy Irons,Producción
Jeremy Irons,Dirección
Antje Traue,Reparto
Saoirse-Monica Jackson,Reparto
Zachary Levi,Reparto
Zachary Levi,Producción
Zachary Levi,Dirección
Asher Angel,Reparto
Asher Angel,Banda sonora
Asher Angel,Producción
Jack Dylan Grazer,Reparto
Jack Dylan Grazer,Producción
Jack Dylan Grazer,Banda sonora
Rachel Zegler,Reparto
Rachel Zegler,Banda sonora
Adam Brody,Reparto
Adam Brody,Producción
Adam Brody,Guion
Ross Butler,Reparto
Ross Butler,Producción
Ross Butler,Banda sonora
D.J. Cotrona,Reparto
D.J. Cotrona,Guion
D.J. Cotrona,Producción
Grace Caroline Currey,Reparto
Grace Caroline Currey,Dirección
Grace Caroline Currey,Producción
Meagan Good,Reparto
Meagan Good,Producción
Meagan Good,Dirección
Lucy Liu,Reparto
Lucy Liu,Dirección
Lucy Liu,Producción
Bruno Martinez,Reparto
Juanjo Martínez,Guion
Juanjo Martínez,Producción
Juanjo Martínez,Edición
Federico Foscaldi,Reparto
Bruno Giacobbe,Reparto
Daniel Vanrell,Reparto
Daniel Merwicer,Reparto
Daniel Merwicer,Especialistas
Roberto Zuccon,Reparto
Solange Chilinski,Reparto
Julio Villar,Reparto
Emanuel Garcia,Reparto
Emily Rose Hernandez,Reparto
Craig Edwards,Reparto
Craig Edwards,Producción
Craig Edwards,Dirección
"Matthew Clark ""Ghost""",Producción
"Matthew Clark ""Ghost""",Guion
"Matthew Clark ""Ghost""",Arte
Tesha Clark,Producción
Tesha Clark,Arte
Tesha Clark,Guion
Rich Brodie,Reparto
Paul Edward Davies,Reparto
Dylan Playfair,Reparto
Dylan Playfair,Producción
Dylan Playfair,Dirección
Hector David Jr.,Reparto
Hector David Jr.,Dirección
Hector David Jr.,Producción
Emily Rose Hernandez,Reparto
David Siracusa,Producción
David Siracusa,Guion
David Siracusa,Reparto
Raven Armando Astone,Reparto
Raven Armando Astone,Especialistas
Raven Armando Astone,Producción
Aaron Cohen,Reparto
Aaron Cohen,Equipos adicionales
Aaron Cohen,Producción
Michael T. Dean,Reparto
Michael T. Dean,Especialistas
Janvier Katabarwa,Reparto
Janvier Katabarwa,Especialistas
Janvier Katabarwa,Producción
Ikeem Boseman,Reparto
Ikeem Boseman,Producción
Bronsonn Taylor,Reparto
Bronsonn Taylor,Producción
Bronsonn Taylor,Especialistas
Redd Nicholson,Especialistas
Redd Nicholson,Reparto
Redd Nicholson,Banda sonora
Luna Wolf,Dirección
Luna Wolf,Producción
Luna Wolf,Especialistas
Carly Halse,Reparto
Paris Rivers,Reparto
Paris Rivers,Localización
Paris Rivers,Equipos adicionales
Lewis Cooper,Reparto
Lewis Cooper,Especialistas
Lewis Cooper,Equipos adicionales
Cy Henty,Reparto
Cy Henty,Dirección
Cy Henty,Guion
Richard Fysh,Reparto
Richard Fysh,Dirección
Richard Fysh,Guion
Grant Kempster,Reparto
Grant Kempster,Arte
Grant Kempster,Producción
Pauline Peart,Reparto
Matthew Baunsgard,Reparto
David Anghel,Reparto
David Anghel,Guion
David Anghel,Dirección
Pauli Janhunen Calderón,Dirección
Pauli Janhunen Calderón,Reparto
Pauli Janhunen Calderón,Guion
Okan Akdag,Reparto
Okan Akdag,Edición
Kevin Jimenez Bernal,Reparto
Kevin Jimenez Bernal,Dirección
Kevin Jimenez Bernal,Guion
Aina Schubert,Reparto
Daniel Abreu,Reparto
Daniel Abreu,Producción
Daniel Abreu,Dirección
Rebecka Andersson,Reparto
Rebecka Andersson,Especialistas
Rebecka Andersson,Equipos adicionales
Pel Lindberg,Reparto
Pel Lindberg,Guion
Navid Ghaffarpour,Reparto
Emilio Janhunen Calderón,Reparto
Emilio Janhunen Calderón,Dirección
Emilio Janhunen Calderón,Guion
Brooke Hayward,Reparto
Brooke Hayward,Guion
Sonja Henie,Reparto
Sonja Henie,Guion
Sonja Henie,Producción
Branko Milicevic,Reparto
Branko Milicevic,Guion
Branko Milicevic,Música
Catherine Rouvel,Reparto
Dobrila Stojnic,Reparto
Dobrila Stojnic,Guion
Dobrila Stojnic,Equipos adicionales
Srdjan Zelenovic,Reparto
Barnabás Tóth,Dirección
Barnabás Tóth,Reparto
Barnabás Tóth,Guion
Zoltán Bezerédi,Reparto
Zoltán Bezerédi,Dirección
Levente Molnár,Reparto
Levente Molnár,Casting
Levente Molnár,Dirección de casting
Linda Lisztes,Dirección de la segunda unidad o asistencia a dirección
Linda Lisztes,Reparto
Linda Lisztes,Equipos adicionales
Béla Spindler,Reparto
Angéla Eke,Reparto
Gerda Pikali,Reparto
Betta Lipcsei,Reparto
Douceline Derreal,Reparto
Olivier-Jacques Bernard,Reparto
Olivier-Jacques Bernard,Equipos adicionales
Salvatore Basile,Reparto
Salvatore Basile,Dirección de la segunda unidad o asistencia a dirección
Salvatore Basile,Producción
Ira Fronten,Reparto
Ira Fronten,Casting
Ira Fronten,Producción
Carmenza Gómez,Reparto
Carmenza Gómez,Banda sonora
Jairo Camargo,Reparto
César Mora,Reparto
César Mora,Banda sonora
Adriana Ricardo,Reparto
Yolanda García,Guion
Yolanda García,Dirección
Yolanda García,Reparto
Ramiro Meneses,Reparto
Ramiro Meneses,Dirección
Ramiro Meneses,Producción
Carlos Serrato,Reparto
Gerónimo Basile,Reparto
Harald Krassnitzer,Reparto
Catrin Striebeck,Reparto
Anna Fischer,Reparto
Anna Fischer,Banda sonora
Hanno Koffler,Reparto
Hanno Koffler,Guion
Hanno Koffler,Banda sonora
Robert Stadlober,Reparto
Robert Stadlober,Producción
Robert Stadlober,Dirección
Tilo Nest,Reparto
Ralph Herforth,Reparto
Franz Xaver Zach,Reparto
Sunnyi Melles,Reparto
Sunnyi Melles,Guion
Sunnyi Melles,Banda sonora
Dietmar Horcicka,Reparto
Melissa McHenry,Reparto
Mark Strohman,Reparto
Mark Strohman,Casting
Mark Strohman,Producción
Marko Zaror,Reparto
Marko Zaror,Producción
Marko Zaror,Dirección de la segunda unidad o asistencia a dirección
Hugo Stiglitz,Reparto
Hugo Stiglitz,Producción
Hugo Stiglitz,Dirección
Susana González,Reparto
Fidel Abrego,Reparto
Fidel Abrego,Especialistas
Emmanuel Brandon,Reparto
Carlos Caballero,Efectos visuales
Francisco Calvo,Reparto
Vicky de la Serna,Reparto
Vicky de la Serna,Banda sonora
Candela Fernandez,Reparto
Candela Fernandez,Equipos adicionales
Carlos Garcia,Composición
Carlos Garcia,Música
Carlos Garcia,Reparto
Chete Lera,Reparto
Neus Asensi,Reparto
Manuel Manquiña,Reparto
Manuel Manquiña,Producción
Manuel Manquiña,Guion
Belén Constenla,Reparto
María Castro,Reparto
María Castro,Banda sonora
Xosé Manuel Olveira 'Pico',Reparto
Gonzalo Uriarte,Reparto
Berta Ojea,Reparto
Rosa Álvarez,Reparto
Dan De Luca,Reparto
Dan De Luca,Guion
Dan De Luca,Producción
Kris Arnold,Reparto
Kris Arnold,Producción
Kris Arnold,Dirección
Natalie Diorio,Reparto
Natalie Diorio,Producción
Natalie Diorio,Guion
Brian Sherman,Dirección de la segunda unidad o asistencia a dirección
Brian Sherman,Cámara y electricidad
Brian Sherman,Reparto
Kate Debelack,Reparto
Kate Debelack,Equipos adicionales
Allana Kirk,Reparto
Carlyncia S. Peck,Reparto
Carlyncia S. Peck,Dirección de casting
Carlyncia S. Peck,Equipos adicionales
Menchu Estaban,Reparto
David Harscheid,Reparto
David Harscheid,Producción
David Harscheid,Agente de talentos
Charles Winter,Guion
Freddie Highmore,Reparto
Freddie Highmore,Producción
Freddie Highmore,Dirección
Nicolas Cage,Reparto
Nicolas Cage,Producción
Nicolas Cage,Dirección
Kristen Bell,Reparto
Kristen Bell,Producción
Kristen Bell,Guion
Charlize Theron,Producción
Charlize Theron,Reparto
Charlize Theron,Diseño de vestuario
Ryan Stiles,Producción
Ryan Stiles,Reparto
Ryan Stiles,Equipos adicionales
Eugene Levy,Reparto
Eugene Levy,Guion
Eugene Levy,Producción
Donald Sutherland,Reparto
Donald Sutherland,Producción
Donald Sutherland,Guion
Bill Nighy,Reparto
Bill Nighy,Producción
Bill Nighy,Banda sonora
David Alan Grier,Reparto
David Alan Grier,Guion
David Alan Grier,Producción
Alan Tudyk,Reparto
Alan Tudyk,Producción
Alan Tudyk,Guion
Daniel Ball,Reparto
Daniel Ball,Dirección
Daniel Ball,Producción
Ande Cira,Reparto
Ande Cira,Guion
Michael Callahan,Reparto
Michael Callahan,Responsable
Frankie J. Mosca,Reparto
Frankie J. Mosca,Guion
Frankie J. Mosca,Dirección
Christopher Pleckaitis,Reparto
Christopher Pleckaitis,Guion
Christopher Pleckaitis,Producción
Brian Calek,Reparto
Carol Wei,Guion
Chris Johnson,Reparto
Chris Johnson,Producción
Chris Johnson,Equipo ejecutivo
Sal DeLucia,Guion
Sal DeLucia,Reparto
Sal DeLucia,Producción
Sarah Caliendo,Reparto
Jennifer Jelsema,Reparto
Sam Logan Khaleghi,Producción
Sam Logan Khaleghi,Reparto
Sam Logan Khaleghi,Dirección
Mark Boyd,Reparto
Casey James,Reparto
Jeff Priskorn,Reparto
Jeff Priskorn,Producción
Jeff Priskorn,Guion
Alaina Fleming,Reparto
Alaina Fleming,Dirección de producción
Jonathan Leigh West,Reparto
Jonathan Leigh West,Guion
Jonathan Leigh West,Dirección de la segunda unidad o asistencia a dirección
Valentina Arnold,Reparto
Matthew J. Boucher,Reparto
Michael Warren,Reparto
Michael Warren,Producción
Michael Warren,Banda sonora
Joanna Cassidy,Reparto
Joanna Cassidy,Producción
Joanna Cassidy,Equipos adicionales
Joyce Guy,Reparto
Joyce Guy,Dirección
Joyce Guy,Guion
Bill Moseley,Reparto
Bill Moseley,Producción
Bill Moseley,Guion
Jerome Elston Scott,Reparto
Jerome Elston Scott,Dirección
Jerome Elston Scott,Guion
Alan Blumenfeld,Reparto
Alan Blumenfeld,Producción
Alan Blumenfeld,Equipos adicionales
Art Evans,Reparto
Nicholas Downs,Producción
Nicholas Downs,Guion
Nicholas Downs,Reparto
Heather Bergdahl,Reparto
Micah Stuart,Edición
Micah Stuart,Dirección
Micah Stuart,Guion
Mandy Moore,Reparto
Mandy Moore,Guion
Mandy Moore,Producción
Zachary Levi,Reparto
Zachary Levi,Producción
Zachary Levi,Dirección
Donna Murphy,Reparto
Donna Murphy,Banda sonora
Ron Perlman,Reparto
Ron Perlman,Producción
Ron Perlman,Dirección
M.C. Gainey,Reparto
M.C. Gainey,Producción
Jeffrey Tambor,Reparto
Jeffrey Tambor,Banda sonora
Brad Garrett,Reparto
Brad Garrett,Producción
Brad Garrett,Guion
Paul F. Tompkins,Reparto
Paul F. Tompkins,Guion
Paul F. Tompkins,Producción
Richard Kiel,Reparto
Richard Kiel,Guion
Richard Kiel,Producción
Delaney Rose Stein,Reparto
Delaney Rose Stein,Equipos adicionales
Donald Faison,Reparto
Donald Faison,Producción
Donald Faison,Guion
Eddie Kaye Thomas,Reparto
Eddie Kaye Thomas,Guion
Eddie Kaye Thomas,Banda sonora
Eddie Guerra,Reparto
Eddie Guerra,Guion
Eddie Guerra,Producción
Abraham Benrubi,Reparto
Abraham Benrubi,Banda sonora
Jaime Pressly,Reparto
Jaime Pressly,Producción
Jaime Pressly,Banda sonora
Molly Sims,Reparto
Molly Sims,Producción
Molly Sims,Equipo ejecutivo
Roselyn Sanchez,Reparto
Roselyn Sanchez,Producción
Roselyn Sanchez,Guion
Florence Henderson,Reparto
Florence Henderson,Producción
Florence Henderson,Guion
Jon Polito,Reparto
Paul Ben-Victor,Reparto
Paul Ben-Victor,Guion
Paul Ben-Victor,Producción
Steve Carell,Reparto
Steve Carell,Producción
Steve Carell,Guion
Paul Rudd,Reparto
Paul Rudd,Producción
Paul Rudd,Guion
Stephanie Szostak,Reparto
Zach Galifianakis,Reparto
Zach Galifianakis,Producción
Zach Galifianakis,Guion
Jemaine Clement,Reparto
Jemaine Clement,Guion
Jemaine Clement,Producción
Lucy Punch,Reparto
Lucy Punch,Guion
Lucy Punch,Producción
Bruce Greenwood,Reparto
Bruce Greenwood,Producción
Bruce Greenwood,Banda sonora
David Walliams,Reparto
David Walliams,Guion
David Walliams,Producción
Ron Livingston,Reparto
Ron Livingston,Cámara y electricidad
Ron Livingston,Producción
Larry Wilmore,Guion
Larry Wilmore,Producción
Larry Wilmore,Reparto
Tom Hanks,Producción
Tom Hanks,Reparto
Tom Hanks,Guion
Tim Allen,Reparto
Tim Allen,Producción
Tim Allen,Equipos adicionales
Joan Cusack,Reparto
Joan Cusack,Guion
Joan Cusack,Banda sonora
Ned Beatty,Reparto
Ned Beatty,Banda sonora
Don Rickles,Reparto
Don Rickles,Guion
Don Rickles,Banda sonora
Michael Keaton,Reparto
Michael Keaton,Equipos adicionales
Michael Keaton,Producción
Wallace Shawn,Reparto
Wallace Shawn,Guion
Wallace Shawn,Producción
John Ratzenberger,Reparto
John Ratzenberger,Dirección
John Ratzenberger,Producción
Estelle Harris,Reparto
John Morris,Reparto
John Morris,Equipos adicionales
Joe O'Byrne,Reparto
Joe O'Byrne,Guion
Joe O'Byrne,Producción
Paul Birtwistle,Reparto
Paul Birtwistle,Guion
Paul Birtwistle,Producción
Donna Henry,Reparto
Roxanne Gregory,Reparto
Clive Bonelle,Reparto
James Foster,Reparto
Jonathan Williams,Reparto
Jonathan Williams,Guion
Tim Paley,Reparto
Tim Paley,Producción
Tim Paley,Guion
Chris Leonard,Reparto
Michael Booth,Reparto
Michael Cera,Reparto
Michael Cera,Producción
Michael Cera,Dirección
Mary Elizabeth Winstead,Reparto
Mary Elizabeth Winstead,Producción
Mary Elizabeth Winstead,Banda sonora
Kieran Culkin,Reparto
Anna Kendrick,Reparto
Anna Kendrick,Producción
Anna Kendrick,Dirección
Alison Pill,Reparto
Alison Pill,Banda sonora
Aubrey Plaza,Reparto
Aubrey Plaza,Producción
Aubrey Plaza,Guion
Jason Schwartzman,Reparto
Jason Schwartzman,Música
Jason Schwartzman,Producción
Johnny Simmons,Reparto
Mark Webber,Reparto
Mark Webber,Dirección
Mark Webber,Guion
Ellen Wong,Reparto
Ellen Wong,Producción
Ellen Wong,Guion
Johnny Depp,Reparto
Johnny Depp,Producción
Johnny Depp,Dirección
Giovanni Ribisi,Reparto
Giovanni Ribisi,Producción
Giovanni Ribisi,Dirección de fotografía y cámara
Aaron Eckhart,Reparto
Aaron Eckhart,Producción
Aaron Eckhart,Banda sonora
Michael Rispoli,Reparto
Michael Rispoli,Guion
Michael Rispoli,Producción
Amber Heard,Reparto
Amber Heard,Producción
Amber Heard,Equipos adicionales
Richard Jenkins,Reparto
Richard Jenkins,Producción
Richard Jenkins,Banda sonora
Amaury Nolasco,Reparto
Amaury Nolasco,Producción
Marshall Bell,Reparto
Bill Smitrovich,Reparto
Bill Smitrovich,Dirección
Bill Smitrovich,Producción
Julian Holloway,Reparto
Julian Holloway,Producción
Julian Holloway,Guion
James McAvoy,Reparto
James McAvoy,Dirección
James McAvoy,Producción
Emily Blunt,Reparto
Emily Blunt,Producción
Emily Blunt,Equipos adicionales
Maggie Smith,Reparto
Maggie Smith,Banda sonora
Ashley Jensen,Reparto
Ashley Jensen,Dirección de arte
Ashley Jensen,Producción
Michael Caine,Reparto
Michael Caine,Producción
Michael Caine,Equipos adicionales
Matt Lucas,Reparto
Matt Lucas,Guion
Matt Lucas,Producción
Jim Cummings,Reparto
Jim Cummings,Banda sonora
Jim Cummings,Equipos adicionales
Jason Statham,Reparto
Jason Statham,Producción
Jason Statham,Especialistas
Ozzy Osbourne,Music Artist
Ozzy Osbourne,Reparto
Ozzy Osbourne,Música
Stephen Merchant,Producción
Stephen Merchant,Guion
Stephen Merchant,Reparto
Peter Abraham,Reparto
Rebecca Friese,Reparto
Natalie James,Reparto
Al Liner,Reparto
Al Liner,Dirección de la segunda unidad o asistencia a dirección
Mitchell Marks,Reparto
Brenda Galilee Rhodes,Producción
Brenda Galilee Rhodes,Reparto
Brenda Galilee Rhodes,Dirección
Teresa Anne Volgenau,Reparto
Hamilton von Watts,Reparto
Hamilton von Watts,Producción
Hamilton von Watts,Guion
Melissa Joan Hart,Reparto
Melissa Joan Hart,Producción
Melissa Joan Hart,Dirección
Michael Cudlitz,Reparto
Michael Cudlitz,Arte
Michael Cudlitz,Dirección
Robert Guillaume,Reparto
Robert Guillaume,Producción
Robert Guillaume,Dirección
Alley Mills,Reparto
Alley Mills,Producción
Alley Mills,Banda sonora
Stacey Travis,Reparto
Jackie Debatin,Reparto
Jackie Debatin,Producción
Perry Anzilotti,Reparto
Perry Anzilotti,Producción
Perry Anzilotti,Dirección
Chip Bent,Reparto
Chip Bent,Producción
Victor Rivers,Reparto
Antonio Banderas,Reparto
Antonio Banderas,Producción
Antonio Banderas,Guion
Salma Hayek,Reparto
Salma Hayek,Producción
Salma Hayek,Dirección
Zach Galifianakis,Reparto
Zach Galifianakis,Producción
Zach Galifianakis,Guion
Billy Bob Thornton,Reparto
Billy Bob Thornton,Guion
Billy Bob Thornton,Dirección
Amy Sedaris,Reparto
Amy Sedaris,Guion
Amy Sedaris,Producción
Constance Marie,Reparto
Constance Marie,Banda sonora
Guillermo del Toro,Guion
Guillermo del Toro,Producción
Guillermo del Toro,Dirección
Mike Mitchell,Guion
Mike Mitchell,Producción
Mike Mitchell,Reparto
Rich Dietl,Edición
Rich Dietl,Reparto
Rich Dietl,Edición
Ryan Crego,Producción
Ryan Crego,Guion
Ryan Crego,Dirección
Vladimir Epifantsev,Reparto
Vladimir Epifantsev,Dirección
Vladimir Epifantsev,Dirección de fotografía y cámara
Mikhail Efremov,Reparto
Andrey Fomin,Reparto
Sergey Shnurov,Composición
Sergey Shnurov,Reparto
Sergey Shnurov,Música
Vladimir Menshov,Reparto
Vladimir Menshov,Producción
Vladimir Menshov,Guion
Oleg Taktarov,Reparto
Ivan Okhlobystin,Reparto
Ivan Okhlobystin,Guion
Ivan Okhlobystin,Dirección
Andrey Panin,Reparto
Andrey Panin,Dirección
Leonid Parfyonov,Guion
Leonid Parfyonov,Dirección
Leonid Parfyonov,Producción
Aleksandr Gordon,Dirección
Aleksandr Gordon,Guion
Aleksandr Gordon,Reparto
Miguel Rodarte,Reparto
Miguel Rodarte,Producción
Jesús Ochoa,Reparto
Jesús Ochoa,Dirección
Jesús Ochoa,Guion
Joaquín Cosio,Reparto
Gerardo Taracena,Reparto
Gerardo Taracena,Producción
Rodrigo Oviedo,Reparto
Rodrigo Oviedo,Dirección
Rodrigo Oviedo,Guion
Marius Biegai,Reparto
Marius Biegai,Producción
Marius Biegai,Guion
Jaime Camil,Reparto
Jaime Camil,Producción
Jaime Camil,Banda sonora
Adal Ramones,Reparto
Adal Ramones,Producción
Adal Ramones,Guion
Isela Vega,Reparto
Isela Vega,Guion
Isela Vega,Producción
Juan Carlos Flores,Reparto
Juan Carlos Flores,Transporte
Juan Carlos Flores,Efectos visuales
Clody Cates,Reparto
Clody Cates,Maquillaje
Clody Cates,Dirección
Fiona Cheung,Sonido
Laura Jane Coles,Reparto
Simone Cross,Reparto
Jeffery Davis,Reparto
Jeffery Davis,Producción
Miriam Dorsett,Reparto
Owen Drake,Reparto
Owen Drake,Producción
Owen Drake,Dirección
Owen Edson,Reparto
Matthew W. Eierman,Reparto
Skip Emerson,Reparto
Hilary Duff,Reparto
Hilary Duff,Música
Hilary Duff,Producción
Haylie Duff,Reparto
Haylie Duff,Producción
Haylie Duff,Dirección
Charlie Sheen,Reparto
Charlie Sheen,Producción
Charlie Sheen,Guion
Eva Longoria,Reparto
Eva Longoria,Producción
Eva Longoria,Dirección
Wayne Brady,Producción
Wayne Brady,Reparto
Wayne Brady,Guion
Christopher Lloyd,Reparto
Christopher Lloyd,Producción
Christopher Lloyd,Banda sonora
Chris Kattan,Reparto
Chris Kattan,Guion
Chris Kattan,Producción
Larry Miller,Reparto
Larry Miller,Guion
Larry Miller,Producción
Edward Asner,Reparto
Edward Asner,Producción
Edward Asner,Equipos adicionales
Jerry Stiller,Reparto
Jerry Stiller,Producción
Jerry Stiller,Guion
Darren Geare,Reparto
Darren Geare,Guion
Darren Geare,Producción
R.J. Knoll,Reparto
R.J. Knoll,Equipos adicionales
Christopher Walken,Reparto
Christopher Walken,Producción
Christopher Walken,Equipos adicionales
Robert Wagner,Reparto
Robert Wagner,Producción
Robert Wagner,Banda sonora
Morgan Fairchild,Reparto
Morgan Fairchild,Producción
Morgan Fairchild,Equipos adicionales
Rutger Hauer,Reparto
Rutger Hauer,Producción
Rutger Hauer,Dirección
Christine Lakin,Dirección
Christine Lakin,Reparto
Christine Lakin,Choreographer
Beatrice Rosen,Reparto
Robert Amstler,Reparto
Robert Amstler,Producción
Robert Amstler,Especialistas
Saran Barnun,Guion
Saran Barnun,Producción
Saran Barnun,Dirección
Sean Hayes,Reparto
Sean Hayes,Producción
Sean Hayes,Guion
Chris Diamantopoulos,Reparto
Chris Diamantopoulos,Guion
Chris Diamantopoulos,Banda sonora
Will Sasso,Reparto
Will Sasso,Guion
Will Sasso,Producción
Jane Lynch,Reparto
Jane Lynch,Producción
Jane Lynch,Banda sonora
Sofía Vergara,Reparto
Sofía Vergara,Producción
Sofía Vergara,Banda sonora
Jennifer Hudson,Music Artist
Jennifer Hudson,Producción
Jennifer Hudson,Reparto
Craig Bierko,Reparto
Craig Bierko,Guion
Craig Bierko,Banda sonora
Stephen Collins,Reparto
Stephen Collins,Dirección
Stephen Collins,Banda sonora
Larry David,Serie de TV
Larry David,2000–2024
Larry David,18
Kirby Heyborne,Reparto
Kirby Heyborne,Producción
Kirby Heyborne,Dirección
Colin Firth,Reparto
Colin Firth,Producción
Colin Firth,Guion
Cameron Diaz,Reparto
Cameron Diaz,Producción
Cameron Diaz,Banda sonora
Alan Rickman,Reparto
Alan Rickman,Guion
Alan Rickman,Dirección
Stanley Tucci,Reparto
Stanley Tucci,Producción
Stanley Tucci,Guion
Tom Courtenay,Reparto
Tom Courtenay,Banda sonora
Brodie Ross,Reparto
Alex Macqueen,Reparto
Joe Berryman,Reparto
Joe Berryman,Banda sonora
Ralph Alderman,Reparto
Ralph Alderman,Localización
Mike Noble,Reparto
Federico Luppi,Reparto
Federico Luppi,Dirección
Matías Desiderio,Reparto
Matías Desiderio,Producción
Matías Desiderio,Dirección
Ana Fernández,Reparto
Ana Fernández,Banda sonora
Gabriel Corrado,Reparto
Gabriel Corrado,Guion
Gabriel Corrado,Producción
Esther Goris,Reparto
Esther Goris,Guion
Esther Goris,Dirección
Gustavo Garzón,Reparto
Gustavo Garzón,Guion
Gustavo Garzón,Producción
Javier Gimenez,Reparto
Susana Hornos,Reparto
Susana Hornos,Producción
Susana Hornos,Guion
Nicolás Condito,Reparto
Nicolás Condito,Banda sonora
Roberto Peña,Reparto
Roberto Peña,Producción
Roberto Peña,Dirección
Marcelo Adnet,Reparto
Marcelo Adnet,Guion
Marcelo Adnet,Producción
Eduardo Sterblitch,Reparto
Eduardo Sterblitch,Guion y continuidad
Mariana Ximenes,Reparto
Mariana Ximenes,Producción
Mariana Ximenes,Banda sonora
Stepan Nercessian,Reparto
Stepan Nercessian,Dirección
Elena Sopova,Reparto
Susana Vieira,Reparto
Susana Vieira,Banda sonora
Luis Gustavo,Reparto
Luis Gustavo,Banda sonora
Luís Carlos Miele,Reparto
Luís Carlos Miele,Dirección
Andrea Beltrão,Reparto
Andrea Beltrão,Guion
Andrea Beltrão,Banda sonora
Xando Graça,Reparto
Shane Patrick,Reparto
Shane Patrick,Guion
Shane Patrick,Dirección
Samantha Raddock,Reparto
Chris Grabher,Reparto
Chris Grabher,Especialistas
Chris Grabher,Equipos adicionales
Wendy Charles,Dirección de la segunda unidad o asistencia a dirección
Wendy Charles,Equipos adicionales
Wendy Charles,Dirección
Mel England,Reparto
Mel England,Producción
Mel England,Guion
Richard Whaley,Reparto
Andrew Zutty,Cámara y electricidad
Andrew Zutty,Reparto
Tim McMurray,Reparto
Jeffrey Paul Bobrick,Reparto
Uwe Steimle,Reparto
Uwe Steimle,Guion
Uwe Steimle,Banda sonora
Julia Richter,Reparto
Julia Richter,Guion
Julia Richter,Dirección
Ina Paule Klink,Reparto
Ina Paule Klink,Banda sonora
Gen Seto,Reparto
Gen Seto,Dirección
Gen Seto,Guion
Michael Kind,Reparto
Michael Kind,Música
Thorsten Merten,Reparto
Thorsten Merten,Guion
Yuki Iwamoto,Reparto
Yuki Iwamoto,Equipos adicionales
Yuki Iwamoto,Producción
Angelika Böttiger,Reparto
Alexander Hörbe,Reparto
Deborah Kaufmann,Reparto
Eddie Murphy,Reparto
Eddie Murphy,Guion
Eddie Murphy,Producción
Cliff Curtis,Reparto
Cliff Curtis,Producción
Kerry Washington,Reparto
Kerry Washington,Producción
Kerry Washington,Dirección
Clark Duke,Reparto
Clark Duke,Dirección
Clark Duke,Producción
Emanuel Ragsdale,Reparto
Jill Basey,Reparto
Greg Collins,Reparto
Greg Collins,Especialistas
Robert LeQuang,Reparto
Robert LeQuang,Especialistas
Michael G. Wilkinson,Reparto
Lyndsey Nelson,Reparto
Jennifer Tilly,Reparto
Jennifer Tilly,Guion
Jennifer Tilly,Banda sonora
Maria Conchita Alonso,Reparto
Maria Conchita Alonso,Producción
Maria Conchita Alonso,Composición
Tippi Hedren,Reparto
Tippi Hedren,Producción
Debi Mazar,Reparto
Debi Mazar,Maquillaje
Debi Mazar,Producción
Ione Skye,Reparto
Ione Skye,Guion
Ione Skye,Dirección
Rolonda Watts,Producción
Rolonda Watts,Reparto
Rolonda Watts,Banda sonora
Phillip Bloch,Reparto
Phillip Bloch,Producción
Laura Harring,Reparto
Shiva Rose,Reparto
Shiva Rose,Producción
Marion Ramsey,Reparto
Marion Ramsey,Maquillaje
Marion Ramsey,Banda sonora
Ben Stiller,Producción
Ben Stiller,Reparto
Ben Stiller,Dirección
Kristen Wiig,Reparto
Kristen Wiig,Producción
Kristen Wiig,Guion
Jon Daly,Reparto
Jon Daly,Guion
Jon Daly,Producción
Kathryn Hahn,Reparto
Kathryn Hahn,Producción
Kathryn Hahn,Guion
Terence Bernie Hines,Reparto
Terence Bernie Hines,Dirección
Terence Bernie Hines,Guion
Adam Scott,Reparto
Adam Scott,Producción
Adam Scott,Dirección
Paul Fitzgerald,Reparto
Paul Fitzgerald,Dirección
Paul Fitzgerald,Guion
Grace Rex,Reparto
Grace Rex,Guion
Grace Rex,Dirección
Alex Anfanger,Reparto
Alex Anfanger,Guion
Alex Anfanger,Producción
Amanda Naughton,Reparto
Amanda Naughton,Banda sonora
Angie Everhart,Reparto
Angie Everhart,Producción
Dennis Rodman,Reparto
Dennis Rodman,Dirección
Dennis Rodman,Guion
Pat Morita,Reparto
Pat Morita,Guion
Pat Morita,Producción
Michael Winslow,Reparto
Michael Winslow,Guion
Michael Winslow,Producción
James Hong,Reparto
James Hong,Producción
James Hong,Guion
Jackie Martling,Guion
Jackie Martling,Reparto
Jackie Martling,Producción
Travis Acree,Reparto
Ednyr Alequin,Reparto
Joe Arndorfer,Reparto
Joe Arndorfer,Dirección de fotografía y cámara
Joe Arndorfer,Cámara y electricidad
Steve Coogan,Reparto
Steve Coogan,Producción
Steve Coogan,Guion
Colm Meaney,Reparto
Colm Meaney,Producción
Colm Meaney,Banda sonora
Tim Key,Reparto
Tim Key,Equipos adicionales
Tim Key,Guion
Karl Theobald,Reparto
Karl Theobald,Guion
Karl Theobald,Producción
Nigel Lindsay,Reparto
Nigel Lindsay,Banda sonora
Felicity Montagu,Reparto
Felicity Montagu,Dirección
Felicity Montagu,Banda sonora
Dustin Demri-Burns,Reparto
Dustin Demri-Burns,Guion
Dustin Demri-Burns,Dirección
Molly Seymour,Producción
Molly Seymour,Reparto
Molly Seymour,Equipos adicionales
Adam Langstaff,Reparto
Aaron Heffernan,Reparto
Aaron Heffernan,Especialistas
Nicolas Cage,Reparto
Nicolas Cage,Producción
Nicolas Cage,Dirección
Ryan Reynolds,Reparto
Ryan Reynolds,Producción
Ryan Reynolds,Guion
Emma Stone,Reparto
Emma Stone,Producción
Emma Stone,Banda sonora
Catherine Keener,Reparto
Catherine Keener,Producción
Catherine Keener,Casting
Cloris Leachman,Reparto
Cloris Leachman,Banda sonora
Clark Duke,Reparto
Clark Duke,Dirección
Clark Duke,Producción
Chris Sanders,Guion
Chris Sanders,Reparto
Chris Sanders,Animación
Randy Thom,Sonido
Randy Thom,Reparto
Randy Thom,Equipos adicionales
Anthony Michael Hall,Reparto
Anthony Michael Hall,Producción
Anthony Michael Hall,Dirección
Elisabeth Röhm,Reparto
Elisabeth Röhm,Dirección
Elisabeth Röhm,Producción
